-- phpMyAdmin SQL Dump
-- version 4.5.2
-- http://www.phpmyadmin.net
--
-- Host: 127.0.0.1
-- Generation Time: Aug 21, 2016 at 12:02 PM
-- Server version: 5.7.9
-- PHP Version: 5.6.16

SET SQL_MODE = "NO_AUTO_VALUE_ON_ZERO";
SET time_zone = "+00:00";


/*!40101 SET @OLD_CHARACTER_SET_CLIENT=@@CHARACTER_SET_CLIENT */;
/*!40101 SET @OLD_CHARACTER_SET_RESULTS=@@CHARACTER_SET_RESULTS */;
/*!40101 SET @OLD_COLLATION_CONNECTION=@@COLLATION_CONNECTION */;
/*!40101 SET NAMES utf8mb4 */;

--
-- Database: `suzest_dev`
--

-- --------------------------------------------------------

--
-- Table structure for table `admin_login_attempts`
--

DROP TABLE IF EXISTS `admin_login_attempts`;
CREATE TABLE IF NOT EXISTS `admin_login_attempts` (
  `id` int(11) NOT NULL AUTO_INCREMENT,
  `ip_address` varchar(40) NOT NULL,
  `time` timestamp NOT NULL DEFAULT CURRENT_TIMESTAMP ON UPDATE CURRENT_TIMESTAMP,
  PRIMARY KEY (`id`)
) ENGINE=InnoDB DEFAULT CHARSET=utf8;

-- --------------------------------------------------------

--
-- Table structure for table `admin_permissions`
--

DROP TABLE IF EXISTS `admin_permissions`;
CREATE TABLE IF NOT EXISTS `admin_permissions` (
  `id` int(11) NOT NULL AUTO_INCREMENT,
  `role_id` int(11) NOT NULL,
  `data` text,
  PRIMARY KEY (`id`)
) ENGINE=InnoDB AUTO_INCREMENT=3 DEFAULT CHARSET=utf8;

--
-- Dumping data for table `admin_permissions`
--

INSERT INTO `admin_permissions` (`id`, `role_id`, `data`) VALUES
(1, 2, 'a:1:{s:3:"uri";a:1:{i:0;s:0:"";}}'),
(2, 1, 'a:1:{s:3:"uri";a:1:{i:0;s:1:"/";}}');

-- --------------------------------------------------------

--
-- Table structure for table `admin_roles`
--

DROP TABLE IF EXISTS `admin_roles`;
CREATE TABLE IF NOT EXISTS `admin_roles` (
  `id` int(10) UNSIGNED NOT NULL AUTO_INCREMENT,
  `parent_id` int(11) NOT NULL DEFAULT '0',
  `name` varchar(255) DEFAULT NULL,
  `created` datetime NOT NULL,
  `modified` datetime NOT NULL,
  PRIMARY KEY (`id`)
) ENGINE=InnoDB AUTO_INCREMENT=4 DEFAULT CHARSET=utf8;

--
-- Dumping data for table `admin_roles`
--

INSERT INTO `admin_roles` (`id`, `parent_id`, `name`, `created`, `modified`) VALUES
(1, 0, 'User', '2015-03-25 12:26:35', '2015-03-25 12:26:35'),
(2, 0, 'Admin', '2015-06-22 08:57:26', '2015-06-22 08:57:26'),
(3, 0, 'CRM', '2015-07-14 10:48:27', '2015-07-14 10:48:27');

-- --------------------------------------------------------

--
-- Table structure for table `admin_users`
--

DROP TABLE IF EXISTS `admin_users`;
CREATE TABLE IF NOT EXISTS `admin_users` (
  `id` int(11) NOT NULL AUTO_INCREMENT,
  `role_id` int(11) NOT NULL DEFAULT '1',
  `username` varchar(25) NOT NULL,
  `first_name` varchar(100) NOT NULL,
  `last_name` varchar(100) NOT NULL,
  `password` varchar(34) NOT NULL,
  `email` varchar(100) NOT NULL,
  `image` varchar(100) NOT NULL,
  `phone` varchar(12) NOT NULL,
  `banned` tinyint(1) NOT NULL DEFAULT '0',
  `ban_reason` varchar(255) DEFAULT NULL,
  `newpass` varchar(34) DEFAULT NULL,
  `newpass_key` varchar(32) DEFAULT NULL,
  `newpass_time` datetime DEFAULT NULL,
  `last_ip` varchar(40) NOT NULL,
  `last_login` datetime NOT NULL DEFAULT '0000-00-00 00:00:00',
  `created` datetime NOT NULL DEFAULT '0000-00-00 00:00:00',
  `modified` timestamp NOT NULL DEFAULT CURRENT_TIMESTAMP ON UPDATE CURRENT_TIMESTAMP,
  PRIMARY KEY (`id`)
) ENGINE=InnoDB AUTO_INCREMENT=2 DEFAULT CHARSET=utf8;

--
-- Dumping data for table `admin_users`
--

INSERT INTO `admin_users` (`id`, `role_id`, `username`, `first_name`, `last_name`, `password`, `email`, `image`, `phone`, `banned`, `ban_reason`, `newpass`, `newpass_key`, `newpass_time`, `last_ip`, `last_login`, `created`, `modified`) VALUES
(1, 2, 'Admin', '', '', '$1$jotgwJWg$yCmIhxI8qKIyuYi2Q4DeM/', 'admin@scrumethod.com', '', '', 0, NULL, NULL, NULL, NULL, '::1', '2016-08-05 05:53:12', '0000-00-00 00:00:00', '2016-08-05 05:53:12');

-- --------------------------------------------------------

--
-- Table structure for table `admin_user_autologin`
--

DROP TABLE IF EXISTS `admin_user_autologin`;
CREATE TABLE IF NOT EXISTS `admin_user_autologin` (
  `key_id` char(32) NOT NULL,
  `user_id` mediumint(8) NOT NULL DEFAULT '0',
  `user_agent` varchar(150) NOT NULL,
  `last_ip` varchar(40) NOT NULL,
  `last_login` timestamp NOT NULL DEFAULT CURRENT_TIMESTAMP ON UPDATE CURRENT_TIMESTAMP,
  PRIMARY KEY (`key_id`,`user_id`)
) ENGINE=InnoDB DEFAULT CHARSET=utf8;

-- --------------------------------------------------------

--
-- Table structure for table `admin_user_profile`
--

DROP TABLE IF EXISTS `admin_user_profile`;
CREATE TABLE IF NOT EXISTS `admin_user_profile` (
  `id` int(11) NOT NULL AUTO_INCREMENT,
  `user_id` int(11) NOT NULL,
  `country` varchar(20) DEFAULT NULL,
  `website` varchar(255) DEFAULT NULL,
  PRIMARY KEY (`id`)
) ENGINE=InnoDB DEFAULT CHARSET=utf8;

-- --------------------------------------------------------

--
-- Table structure for table `admin_user_temp`
--

DROP TABLE IF EXISTS `admin_user_temp`;
CREATE TABLE IF NOT EXISTS `admin_user_temp` (
  `id` int(11) NOT NULL AUTO_INCREMENT,
  `uid` varchar(255) NOT NULL,
  `username` varchar(255) NOT NULL,
  `password` varchar(34) NOT NULL,
  `email` varchar(100) NOT NULL,
  `phone` varchar(15) NOT NULL,
  `how_did_you_hear_id` int(11) UNSIGNED NOT NULL,
  `activation_key` varchar(50) NOT NULL,
  `last_ip` varchar(40) NOT NULL,
  `created` timestamp NOT NULL DEFAULT CURRENT_TIMESTAMP ON UPDATE CURRENT_TIMESTAMP,
  `modified` datetime NOT NULL,
  PRIMARY KEY (`id`)
) ENGINE=InnoDB DEFAULT CHARSET=utf8;

-- --------------------------------------------------------

--
-- Table structure for table `categories`
--

DROP TABLE IF EXISTS `categories`;
CREATE TABLE IF NOT EXISTS `categories` (
  `id` int(11) UNSIGNED NOT NULL AUTO_INCREMENT,
  `name` varchar(45) DEFAULT NULL,
  `status` tinyint(1) UNSIGNED NOT NULL DEFAULT '1',
  `slug` varchar(45) DEFAULT NULL,
  `created_by` int(11) UNSIGNED DEFAULT NULL,
  `created_at` timestamp NOT NULL DEFAULT CURRENT_TIMESTAMP,
  `modefied_at` timestamp NOT NULL DEFAULT CURRENT_TIMESTAMP ON UPDATE CURRENT_TIMESTAMP,
  PRIMARY KEY (`id`),
  UNIQUE KEY `name` (`name`)
) ENGINE=MyISAM AUTO_INCREMENT=3 DEFAULT CHARSET=utf8;

--
-- Dumping data for table `categories`
--

INSERT INTO `categories` (`id`, `name`, `status`, `slug`, `created_by`, `created_at`, `modefied_at`) VALUES
(1, 'Apartment', 1, 'apartment', 1, '2016-07-27 16:47:06', '2016-07-27 16:47:06'),
(2, 'House', 1, 'house', 1, '2016-07-27 16:47:06', '2016-07-27 16:47:06');

-- --------------------------------------------------------

--
-- Table structure for table `countries`
--

DROP TABLE IF EXISTS `countries`;
CREATE TABLE IF NOT EXISTS `countries` (
  `id` int(11) UNSIGNED NOT NULL AUTO_INCREMENT,
  `name` varchar(45) DEFAULT NULL,
  `code` varchar(5) DEFAULT NULL,
  `status` tinyint(1) UNSIGNED NOT NULL DEFAULT '1',
  `slug` varchar(45) DEFAULT NULL,
  `created_by` int(11) UNSIGNED DEFAULT NULL,
  `created_at` timestamp NOT NULL DEFAULT CURRENT_TIMESTAMP,
  `modefied_at` timestamp NOT NULL DEFAULT CURRENT_TIMESTAMP ON UPDATE CURRENT_TIMESTAMP,
  PRIMARY KEY (`id`),
  UNIQUE KEY `name` (`name`),
  UNIQUE KEY `code` (`code`)
) ENGINE=MyISAM AUTO_INCREMENT=4 DEFAULT CHARSET=utf8;

--
-- Dumping data for table `countries`
--

INSERT INTO `countries` (`id`, `name`, `code`, `status`, `slug`, `created_by`, `created_at`, `modefied_at`) VALUES
(1, 'India', 'IN', 1, 'india', 1, '2016-07-23 07:15:52', '2016-07-23 07:15:52'),
(2, 'United States of America', 'US', 1, 'united-states-of-merica', 1, '2016-07-23 07:31:58', '2016-07-23 07:31:58'),
(3, 'sdgsd', 'gsgsd', 1, 'fdsfsd', 1, '2016-08-05 06:14:46', '2016-08-05 06:14:46');

-- --------------------------------------------------------

--
-- Table structure for table `districts`
--

DROP TABLE IF EXISTS `districts`;
CREATE TABLE IF NOT EXISTS `districts` (
  `id` int(11) UNSIGNED NOT NULL AUTO_INCREMENT,
  `name` varchar(45) NOT NULL,
  `code` varchar(5) NOT NULL,
  `slug` varchar(100) NOT NULL,
  `status` tinyint(1) NOT NULL DEFAULT '1',
  `country_id` int(11) UNSIGNED DEFAULT NULL,
  `state_id` int(11) UNSIGNED DEFAULT NULL,
  `created_at` timestamp NOT NULL DEFAULT CURRENT_TIMESTAMP,
  `created_by` int(11) DEFAULT NULL,
  `modified_at` timestamp NOT NULL DEFAULT CURRENT_TIMESTAMP ON UPDATE CURRENT_TIMESTAMP,
  PRIMARY KEY (`id`),
  UNIQUE KEY `name` (`name`),
  UNIQUE KEY `code` (`code`),
  KEY `country_id` (`country_id`)
) ENGINE=InnoDB AUTO_INCREMENT=3 DEFAULT CHARSET=utf8;

--
-- Dumping data for table `districts`
--

INSERT INTO `districts` (`id`, `name`, `code`, `slug`, `status`, `country_id`, `state_id`, `created_at`, `created_by`, `modified_at`) VALUES
(1, 'SPSR Nellore', 'NLR', 'nellore', 1, 1, 1, '2016-07-23 07:52:26', 1, '2016-07-23 07:52:26'),
(2, 'Hyderabad', 'HYD', 'hyderabad', 1, 1, 2, '2016-07-23 07:53:34', 1, '2016-07-23 08:28:28');

-- --------------------------------------------------------

--
-- Table structure for table `login_attempts`
--

DROP TABLE IF EXISTS `login_attempts`;
CREATE TABLE IF NOT EXISTS `login_attempts` (
  `id` int(11) NOT NULL AUTO_INCREMENT,
  `ip_address` varchar(40) NOT NULL,
  `time` timestamp NOT NULL DEFAULT CURRENT_TIMESTAMP ON UPDATE CURRENT_TIMESTAMP,
  PRIMARY KEY (`id`)
) ENGINE=InnoDB DEFAULT CHARSET=utf8;

-- --------------------------------------------------------

--
-- Table structure for table `mandals`
--

DROP TABLE IF EXISTS `mandals`;
CREATE TABLE IF NOT EXISTS `mandals` (
  `id` int(11) UNSIGNED NOT NULL AUTO_INCREMENT,
  `name` varchar(45) NOT NULL,
  `code` varchar(5) NOT NULL,
  `slug` varchar(100) NOT NULL,
  `status` tinyint(1) NOT NULL DEFAULT '1',
  `country_id` int(11) UNSIGNED DEFAULT NULL,
  `state_id` int(11) UNSIGNED DEFAULT NULL,
  `district_id` int(11) UNSIGNED DEFAULT NULL,
  `zone_id` int(11) UNSIGNED NOT NULL,
  `created_at` timestamp NOT NULL DEFAULT CURRENT_TIMESTAMP,
  `created_by` int(11) DEFAULT NULL,
  `modified_at` timestamp NOT NULL DEFAULT CURRENT_TIMESTAMP ON UPDATE CURRENT_TIMESTAMP,
  PRIMARY KEY (`id`),
  UNIQUE KEY `name` (`name`),
  UNIQUE KEY `code` (`code`),
  KEY `country_id` (`state_id`)
) ENGINE=InnoDB AUTO_INCREMENT=2 DEFAULT CHARSET=utf8;

--
-- Dumping data for table `mandals`
--

INSERT INTO `mandals` (`id`, `name`, `code`, `slug`, `status`, `country_id`, `state_id`, `district_id`, `zone_id`, `created_at`, `created_by`, `modified_at`) VALUES
(1, 'Chejerla', 'CHE', 'chejerla', 1, 1, 1, 1, 1, '2016-07-23 15:42:14', 1, '2016-07-23 18:45:24');

-- --------------------------------------------------------

--
-- Table structure for table `properties`
--

DROP TABLE IF EXISTS `properties`;
CREATE TABLE IF NOT EXISTS `properties` (
  `id` int(11) UNSIGNED NOT NULL AUTO_INCREMENT,
  `category_id` int(11) UNSIGNED DEFAULT NULL,
  `country_id` int(11) UNSIGNED DEFAULT NULL,
  `state_id` int(11) UNSIGNED DEFAULT NULL,
  `district_id` int(11) UNSIGNED DEFAULT NULL,
  `zone_id` int(11) UNSIGNED DEFAULT NULL,
  `mandal_id` int(11) UNSIGNED DEFAULT NULL,
  `pincode` int(10) DEFAULT NULL,
  `unique_id` varchar(10) DEFAULT NULL,
  `flat_number` varchar(10) DEFAULT NULL,
  `apartment_number` varchar(25) DEFAULT NULL,
  `apartment_name` varchar(255) DEFAULT NULL,
  `door_number` varchar(10) DEFAULT NULL,
  `area` varchar(255) DEFAULT NULL,
  `street_name` varchar(255) DEFAULT NULL,
  `phone_number` varchar(15) DEFAULT NULL,
  `agree` tinyint(1) NOT NULL DEFAULT '0',
  `status` tinyint(1) NOT NULL DEFAULT '1',
  `created_at` timestamp NOT NULL DEFAULT CURRENT_TIMESTAMP,
  PRIMARY KEY (`id`)
) ENGINE=InnoDB AUTO_INCREMENT=12 DEFAULT CHARSET=utf8;

--
-- Dumping data for table `properties`
--

INSERT INTO `properties` (`id`, `category_id`, `country_id`, `state_id`, `district_id`, `zone_id`, `mandal_id`, `pincode`, `unique_id`, `flat_number`, `apartment_number`, `apartment_name`, `door_number`, `area`, `street_name`, `phone_number`, `agree`, `status`, `created_at`) VALUES
(1, 1, 1, 1, 1, 1, 1, 524309, 'AP01A39KKZ', '123', '123456789', 'hajhdjs', '', '', 'gfshgasnvc', '9676073174', 1, 1, '2016-08-01 17:49:07'),
(2, 1, 1, 1, 1, 1, 1, 524309, 'AP01A57PDu', '1234', '123456789', 'hajhdjsr32r2', '', '', 'gfshgasnvcewr', NULL, 1, 1, '2016-08-01 17:58:14'),
(3, 1, 1, 1, 1, 1, 1, 524309, 'AP01A32SWD', '1234', '123456789', 'hajhdjsr32r2', '', '', 'gfshgasnvcewr', NULL, 1, 1, '2016-08-01 18:00:13'),
(4, 1, 1, 1, 1, 1, 1, 524309, 'AP01A64ZRH', '1234', '123456789', 'hajhdjsr32r2', '', '', 'gfshgasnvcewr', NULL, 1, 1, '2016-08-01 18:00:49'),
(5, 1, 1, 1, 1, 1, 1, 524309, 'AP01A56IVJ', '1234', '123456789', 'hajhdjsr32r2', '', '', 'gfshgasnvcewr', NULL, 1, 1, '2016-08-01 18:05:16'),
(6, 1, 1, 1, 1, 1, 1, 524309, 'AP01A76oGT', '12345', '123456789', 'hajhdjs', '', '', 'gfshgasnvcewr', NULL, 1, 1, '2016-08-01 18:06:11'),
(8, 1, 1, 2, 2, 1, 1, 500038, 'TS02A86XLL', '1456', '47896523', 'uma boys hostel', '', '', 'sbi street', NULL, 1, 1, '2016-08-05 06:02:26'),
(9, 1, 1, 1, 1, 1, 1, 524309, 'AP01A-37kz', '123', '12345689', 'hello apartments', '', '', 'gfshgasnvc', NULL, 1, 1, '2016-08-20 17:55:03'),
(10, 1, 1, 1, 1, 1, 1, 524309, 'AP01A-46XZ', '12344', '123456789', 'hajhdjs', '', '', 'gfshgasnvc', NULL, 1, 1, '2016-08-20 18:01:59'),
(11, 1, 1, 1, 1, 1, 1, 524309, 'AP01A-79KE', '123455', '123456789', 'hajhdjs', '', '', 'gfshgasnvc', NULL, 1, 1, '2016-08-20 18:13:23');

-- --------------------------------------------------------

--
-- Table structure for table `roles`
--

DROP TABLE IF EXISTS `roles`;
CREATE TABLE IF NOT EXISTS `roles` (
  `id` int(10) UNSIGNED NOT NULL AUTO_INCREMENT,
  `parent_id` int(11) NOT NULL DEFAULT '0',
  `name` varchar(255) DEFAULT NULL,
  `created` datetime NOT NULL,
  `modified` datetime NOT NULL,
  PRIMARY KEY (`id`)
) ENGINE=InnoDB DEFAULT CHARSET=utf8;

-- --------------------------------------------------------

--
-- Table structure for table `states`
--

DROP TABLE IF EXISTS `states`;
CREATE TABLE IF NOT EXISTS `states` (
  `id` int(11) UNSIGNED NOT NULL AUTO_INCREMENT,
  `name` varchar(45) NOT NULL,
  `code` varchar(5) NOT NULL,
  `slug` varchar(100) NOT NULL,
  `status` tinyint(1) NOT NULL DEFAULT '1',
  `country_id` int(11) UNSIGNED DEFAULT NULL,
  `created_at` timestamp NOT NULL DEFAULT CURRENT_TIMESTAMP,
  `created_by` int(11) DEFAULT NULL,
  `modified_at` timestamp NOT NULL DEFAULT CURRENT_TIMESTAMP ON UPDATE CURRENT_TIMESTAMP,
  PRIMARY KEY (`id`),
  UNIQUE KEY `name` (`name`),
  UNIQUE KEY `code` (`code`),
  KEY `country_id` (`country_id`)
) ENGINE=InnoDB AUTO_INCREMENT=3 DEFAULT CHARSET=utf8;

--
-- Dumping data for table `states`
--

INSERT INTO `states` (`id`, `name`, `code`, `slug`, `status`, `country_id`, `created_at`, `created_by`, `modified_at`) VALUES
(1, 'Andhra Pradesh', 'AP', 'andhra-pradesh', 1, 1, '2016-07-23 10:20:25', 1, '2016-07-23 10:20:25'),
(2, 'Telangana', 'TS', 'telangana', 1, 1, '2016-07-23 10:22:08', 1, '2016-07-23 10:22:08');

-- --------------------------------------------------------

--
-- Table structure for table `users`
--

DROP TABLE IF EXISTS `users`;
CREATE TABLE IF NOT EXISTS `users` (
  `id` int(11) NOT NULL AUTO_INCREMENT,
  `role_id` int(11) NOT NULL DEFAULT '1',
  `uid` varchar(255) NOT NULL,
  `first_name` varchar(100) NOT NULL,
  `last_name` varchar(100) NOT NULL,
  `password` varchar(34) NOT NULL,
  `email` varchar(100) NOT NULL,
  `isd` varchar(5) NOT NULL,
  `phone` varchar(15) NOT NULL,
  `image` varchar(255) NOT NULL,
  `banned` tinyint(1) NOT NULL DEFAULT '0',
  `ban_reason` varchar(255) DEFAULT NULL,
  `newpass` varchar(34) DEFAULT NULL,
  `newpass_key` varchar(32) DEFAULT NULL,
  `newpass_time` datetime DEFAULT NULL,
  `change_password` tinyint(1) NOT NULL DEFAULT '0',
  `last_ip` varchar(40) NOT NULL,
  `last_login` datetime NOT NULL DEFAULT '0000-00-00 00:00:00',
  `created` datetime NOT NULL DEFAULT '0000-00-00 00:00:00',
  `modified` timestamp NOT NULL DEFAULT CURRENT_TIMESTAMP ON UPDATE CURRENT_TIMESTAMP,
  PRIMARY KEY (`id`)
) ENGINE=InnoDB AUTO_INCREMENT=6 DEFAULT CHARSET=utf8;

--
-- Dumping data for table `users`
--

INSERT INTO `users` (`id`, `role_id`, `uid`, `first_name`, `last_name`, `password`, `email`, `isd`, `phone`, `image`, `banned`, `ban_reason`, `newpass`, `newpass_key`, `newpass_time`, `change_password`, `last_ip`, `last_login`, `created`, `modified`) VALUES
(1, 1, '57341727c8de4', 'Narendra', '', '$1$Ums2Oe7R$EMbq0RJG1KKJ0VNBNZcRj1', 'narendra@knowledgehut.co', '', '9676073174', '', 0, NULL, NULL, NULL, NULL, 0, '183.82.1.103', '0000-00-00 00:00:00', '2016-05-12 01:39:51', '2016-05-12 05:41:38'),
(2, 1, '5734437b3ad49', 'Praveen GSVN', '', '$1$yC/HWUr7$IW48ruhlgoYPsybUivFPG0', 'gsvnpraveen@gmail.com', '', '9966987666', '', 2, 'The user is created at cart page.', NULL, NULL, NULL, 0, '183.82.1.103', '0000-00-00 00:00:00', '2016-05-12 04:48:59', '2016-05-12 08:48:59'),
(3, 1, '5734ceaa58185', 'm subramanyam reddy', '', '$1$GtLVK8NB$byszNBbnmBCuyPbHSw7CA1', 'subbu.mba7@gmail.com', '', '9060076878', '', 2, 'The user is created at cart page.', NULL, NULL, NULL, 0, '182.48.219.197', '0000-00-00 00:00:00', '2016-05-12 14:42:50', '2016-05-12 18:42:50'),
(4, 1, '5739553c73dfb', 'narendra', '', '$1$IzNwiHPm$Mm6PMy0u6.whmNE3yIV.1.', 'narendraa5803@gmail.com', '', '9676073174', '', 2, 'The user is created at cart page.', NULL, NULL, NULL, 0, '183.82.1.103', '0000-00-00 00:00:00', '2016-05-16 01:06:04', '2016-05-16 05:06:04'),
(5, 1, '5742a82d04e65', 'Sanganabasu', '', '$1$ZYb/qho0$3hpq7MB5FdHSHaXP8wul40', 'sangu.0009@gmail.com', '', '9538156993', '', 2, 'The user is created at cart page.', NULL, NULL, NULL, 0, '183.82.1.103', '0000-00-00 00:00:00', '2016-05-23 02:50:21', '2016-05-23 06:50:21');

-- --------------------------------------------------------

--
-- Table structure for table `user_autologin`
--

DROP TABLE IF EXISTS `user_autologin`;
CREATE TABLE IF NOT EXISTS `user_autologin` (
  `key_id` char(32) NOT NULL,
  `user_id` mediumint(8) NOT NULL DEFAULT '0',
  `user_agent` varchar(150) NOT NULL,
  `last_ip` varchar(40) NOT NULL,
  `last_login` timestamp NOT NULL DEFAULT CURRENT_TIMESTAMP ON UPDATE CURRENT_TIMESTAMP,
  PRIMARY KEY (`key_id`,`user_id`)
) ENGINE=InnoDB DEFAULT CHARSET=utf8;

-- --------------------------------------------------------

--
-- Table structure for table `user_logs`
--

DROP TABLE IF EXISTS `user_logs`;
CREATE TABLE IF NOT EXISTS `user_logs` (
  `id` int(11) UNSIGNED NOT NULL AUTO_INCREMENT,
  `table` varchar(100) NOT NULL,
  `new_content` mediumtext NOT NULL,
  `old_content` mediumtext NOT NULL,
  `operation` tinyint(1) NOT NULL DEFAULT '1',
  `user_id` int(11) NOT NULL,
  `created` datetime NOT NULL,
  `modified` datetime NOT NULL,
  PRIMARY KEY (`id`)
) ENGINE=InnoDB AUTO_INCREMENT=259 DEFAULT CHARSET=utf8;

--
-- Dumping data for table `user_logs`
--

INSERT INTO `user_logs` (`id`, `table`, `new_content`, `old_content`, `operation`, `user_id`, `created`, `modified`) VALUES
(1, 'learning_types', '{"name":"Classroom","slug":"classroom","hash_tag":"cls","h1name":"Online Classroom","class_name":"classroom","meta_title":"Online Classroom","meta_description":"Online Classroom","seo_description":"Online Classroom","status":"1","modified":"2016-05-11 15:06:57","created":"2016-05-11 15:06:57"}', '', 1, 1, '2016-05-11 15:06:57', '2016-05-11 15:06:57'),
(2, 'learning_types', '{"name":"Classroom","slug":"classroom","hash_tag":"cls","h1name":"Online Classroom","class_name":"classroom","meta_title":"Online Classroom","meta_description":"Online Classroom","seo_description":"Online Classroom","status":"0","modified":"2016-05-11 15:07:09"}', '{"id":"1","name":"Classroom","h1name":"Online Classroom","meta_title":"Online Classroom","meta_description":"Online Classroom","seo_description":"Online Classroom","slug":"classroom","hash_tag":"cls","class_name":"classroom","status":"1","created":"2016-05-11 15:06:57","modified":"2016-05-11 15:06:57"}', 2, 1, '2016-05-11 15:07:09', '2016-05-11 15:07:09'),
(3, 'learning_types', '{"name":"Classroom","slug":"classroom","hash_tag":"cls","h1name":"Online Classroom","class_name":"classroom","meta_title":"Online Classroom","meta_description":"Online Classroom","seo_description":"Online Classroom","status":"1","modified":"2016-05-11 15:07:18"}', '{"id":"1","name":"Classroom","h1name":"Online Classroom","meta_title":"Online Classroom","meta_description":"Online Classroom","seo_description":"Online Classroom","slug":"classroom","hash_tag":"cls","class_name":"classroom","status":"0","created":"2016-05-11 15:06:57","modified":"2016-05-11 15:07:09"}', 2, 1, '2016-05-11 15:07:18', '2016-05-11 15:07:18'),
(4, 'class_names', '{"name":"Test Class1","status":"1","modified":"2016-05-12 12:42:43","created":"2016-05-12 12:42:43"}', '', 1, 1, '2016-05-12 12:42:43', '2016-05-12 12:42:43'),
(5, 'courses', '{"name":"Certified Scrum Master","about":"About CMS<br>","about_city":"About City<br>","no_of_hrs":"4","short_name":"CMS","category_id":"6","slug":"certified-scrum-master","image":"20160308110329SCR20146-Seals-Final-CSM1.png","accreditation_logo":"20160308110329SCR20146-Seals-Final-CSM1.png","brochure":"w_infk06.pdf","class_name":"Test Class1","credits":null,"status":"1","uid":"57340a3835953"}', '', 1, 1, '2016-05-12 12:44:40', '2016-05-12 12:44:40'),
(6, 'credits', '{"name":"Test Credit","description":"About Test Credit","status":"1","modified":"2016-05-12 12:45:36","created":"2016-05-12 12:45:36"}', '', 1, 1, '2016-05-12 12:45:36', '2016-05-12 12:45:36'),
(7, 'course_learning_types', '{"course_id":"1","learning_type_id":"1","status":"1"}', '', 1, 1, '2016-05-12 12:45:57', '2016-05-12 12:45:57'),
(8, 'course_credits', '[{"credit_id":"1","no_of_credits":"4","course_id":"1"}]', '', 1, 1, '2016-05-12 12:46:28', '2016-05-12 12:46:28'),
(9, 'courses', '{"name":"Certified Scrum Master","about":"About CMS<br>","about_city":"About City<br>","no_of_hrs":"4","category_id":"6","short_name":"CMS","class_name":"Test Class1","slug":"certified-scrum-master","image":"20160308110329SCR20146-Seals-Final-CSM1.png","accreditation_logo":"20160308110329SCR20146-Seals-Final-CSM1.png","brochure":"w_infk06.pdf","tag_ids":null,"credits":[{"credit_id":"1","no_of_credits":"4"}],"status":"1"}', '{"id":"1","uid":"57340a3835","name":"Certified Scrum Master","h1name":"","meta_title":"","meta_description":"","seo_description":"","brochure":"w_infk06.pdf","image":"20160308110329SCR20146-Seals-Final-CSM1.png","accreditation_logo":"20160308110329SCR20146-Seals-Final-CSM1.png","about":"About CMS<br>","about_city":"About City<br>","no_of_hrs":"4","short_name":"CMS","slug":"certified-scrum-master","reviews":"0","students":"0","rating":"0.0","order_by":"0","category_id":"6","trending":"0","class_name":"Test Class1","status":"1","created":"2016-05-12 12:44:40","modified":"2016-05-12 12:44:40","category":"Business Intelligence and Analytics"}', 2, 1, '2016-05-12 12:46:28', '2016-05-12 12:46:28'),
(10, 'classroom_session_credits', '[{"credit_id":"1","no_of_credits":"4","classroom_session_id":1}]', '', 1, 1, '2016-05-12 12:54:29', '2016-05-12 12:54:29'),
(11, 'classroom_sessions', '{"start_date":"2016-05-19","end_date":"2016-05-20","start_time":"09:00","end_time":"17:00","price":"24998","eventbrite_url":"","batch":"1","no_of_days":"2","venue":"KnowledgeHut Solutions Pvt Ltd, NO 10, 14th Main Road, Sector 5, HSR Layout, Bangalore 560102<br>","country_id":"104","city_id":"15","currency_id":"31","instructor_id":"0","status":"1","course_id":"1","uid":"57340c852a194","modified":"2016-05-12 12:54:29","created":"2016-05-12 12:54:29"}', '', 1, 1, '2016-05-12 12:54:29', '2016-05-12 12:54:29'),
(12, 'instructors', '{"first_name":"kiran","last_name":"Thakkar","email":"","secondary_email":"","phone":"","designation":"IT professional","specializations":["PMI","Scrum"],"course_ids":["1"],"country_id":"104","city_id":"15","description":"Kiran Thakkar, an IT professional with 25 years of experience in global application development and leadership, is a Project Management Professional (certified by the PMI) and a Certified Scrum Trainer (certified by the Scrum Alliance). Kiran also holds an MBA and an MS in Computer Science. Kiran worked at Siemens Medical Solutions and played an instrumental role in one of the largest agile\\/scrum implementation in the world. Kiran was an overall program release manager at Siemens for a very large-scale, globally distributed, and FDA compliant agile initiative (40+ teams, over 500 members, part of overall 120+ teams). Kiran laid the groundwork for agile practices still in use and highly effective in Siemens today. Kiran brings real life scrum implementation experience to his class. He also pioneered implementation of the agile practices and mentored scrum masters globally. He was one of the early adopter of enterprise level large-scale agile\\/scrum. He is also an adjunct faculty at Penn State Great Valley, DeVry\\/Keller University, and University of Phoenix teaching in online and traditional ''on-ground'' environment.<br><br>","image":null,"resume":null,"slug":"kiran-thakkar","popular":0,"learners":"100","status":"0"}', '', 1, 1, '2016-05-12 13:01:01', '2016-05-12 13:01:01'),
(13, 'instructors', '{"first_name":"Kiran","last_name":"Thakkar","email":"kiranthakkar@gmail.com","secondary_email":"","phone":"","designation":"IT professional","country_id":"104","city_id":"15","description":"Kiran Thakkar, an IT professional with 25 years of experience in global application development and leadership, is a Project Management Professional (certified by the PMI) and a Certified Scrum Trainer (certified by the Scrum Alliance). Kiran also holds an MBA and an MS in Computer Science. Kiran worked at Siemens Medical Solutions and played an instrumental role in one of the largest agile\\/scrum implementation in the world. Kiran was an overall program release manager at Siemens for a very large-scale, globally distributed, and FDA compliant agile initiative (40+ teams, over 500 members, part of overall 120+ teams). Kiran laid the groundwork for agile practices still in use and highly effective in Siemens today. Kiran brings real life scrum implementation experience to his class. He also pioneered implementation of the agile practices and mentored scrum masters globally. He was one of the early adopter of enterprise level large-scale agile\\/scrum. He is also an adjunct faculty at Penn State Great Valley, DeVry\\/Keller University, and University of Phoenix teaching in online and traditional ''on-ground'' environment.<br><br>","image":null,"resume":null,"slug":"kiran-thakkar","popular":0,"learners":"100","status":"0","modified":"2016-05-12 13:01:47"}', '{"id":"1","first_name":"kiran","last_name":"Thakkar","email":"","secondary_email":"","phone":"","image":null,"designation":"IT professional","specialization":"","resume":null,"learners":"100","description":"Kiran Thakkar, an IT professional with 25 years of experience in global application development and leadership, is a Project Management Professional (certified by the PMI) and a Certified Scrum Trainer (certified by the Scrum Alliance). Kiran also holds an MBA and an MS in Computer Science. Kiran worked at Siemens Medical Solutions and played an instrumental role in one of the largest agile\\/scrum implementation in the world. Kiran was an overall program release manager at Siemens for a very large-scale, globally distributed, and FDA compliant agile initiative (40+ teams, over 500 members, part of overall 120+ teams). Kiran laid the groundwork for agile practices still in use and highly effective in Siemens today. Kiran brings real life scrum implementation experience to his class. He also pioneered implementation of the agile practices and mentored scrum masters globally. He was one of the early adopter of enterprise level large-scale agile\\/scrum. He is also an adjunct faculty at Penn State Great Valley, DeVry\\/Keller University, and University of Phoenix teaching in online and traditional ''on-ground'' environment.<br><br>","country_id":"104","city_id":"15","slug":"kiran-thakkar","popular":"0","status":"0","created":"2016-05-12 13:01:01","modified":"2016-05-12 13:01:01","country":"India","city":"Bangalore"}', 2, 1, '2016-05-12 13:01:47', '2016-05-12 13:01:47'),
(14, 'instructors', '{"first_name":"Kiran","last_name":"Thakkar","email":"kiranthakkar@gmail.com","secondary_email":"","phone":"","designation":"IT professional","country_id":"104","city_id":"15","description":"Kiran Thakkar, an IT professional with 25 years of experience in global application development and leadership, is a Project Management Professional (certified by the PMI) and a Certified Scrum Trainer (certified by the Scrum Alliance). Kiran also holds an MBA and an MS in Computer Science. Kiran worked at Siemens Medical Solutions and played an instrumental role in one of the largest agile\\/scrum implementation in the world. Kiran was an overall program release manager at Siemens for a very large-scale, globally distributed, and FDA compliant agile initiative (40+ teams, over 500 members, part of overall 120+ teams). Kiran laid the groundwork for agile practices still in use and highly effective in Siemens today. Kiran brings real life scrum implementation experience to his class. He also pioneered implementation of the agile practices and mentored scrum masters globally. He was one of the early adopter of enterprise level large-scale agile\\/scrum. He is also an adjunct faculty at Penn State Great Valley, DeVry\\/Keller University, and University of Phoenix teaching in online and traditional ''on-ground'' environment.<br><br>","image":null,"resume":null,"slug":"kiran-thakkar","popular":0,"learners":"100","status":"1","modified":"2016-05-12 13:02:02"}', '{"id":"1","first_name":"Kiran","last_name":"Thakkar","email":"kiranthakkar@gmail.com","secondary_email":"","phone":"","image":null,"designation":"IT professional","specialization":"","resume":null,"learners":"100","description":"Kiran Thakkar, an IT professional with 25 years of experience in global application development and leadership, is a Project Management Professional (certified by the PMI) and a Certified Scrum Trainer (certified by the Scrum Alliance). Kiran also holds an MBA and an MS in Computer Science. Kiran worked at Siemens Medical Solutions and played an instrumental role in one of the largest agile\\/scrum implementation in the world. Kiran was an overall program release manager at Siemens for a very large-scale, globally distributed, and FDA compliant agile initiative (40+ teams, over 500 members, part of overall 120+ teams). Kiran laid the groundwork for agile practices still in use and highly effective in Siemens today. Kiran brings real life scrum implementation experience to his class. He also pioneered implementation of the agile practices and mentored scrum masters globally. He was one of the early adopter of enterprise level large-scale agile\\/scrum. He is also an adjunct faculty at Penn State Great Valley, DeVry\\/Keller University, and University of Phoenix teaching in online and traditional ''on-ground'' environment.<br><br>","country_id":"104","city_id":"15","slug":"kiran-thakkar","popular":"0","status":"0","created":"2016-05-12 13:01:01","modified":"2016-05-12 13:01:47","country":"India","city":"Bangalore"}', 2, 1, '2016-05-12 13:02:02', '2016-05-12 13:02:02'),
(15, 'classroom_session_credits', '[{"credit_id":"1","no_of_credits":"4","classroom_session_id":"1"}]', '', 1, 1, '2016-05-12 13:02:18', '2016-05-12 13:02:18'),
(16, 'classroom_sessions', '{"start_date":"2016-05-19","end_date":"2016-05-20","start_time":"09:00","end_time":"17:00","price":"24998.00","eventbrite_url":"","batch":"1","no_of_days":"2","venue":"KnowledgeHut Solutions Pvt Ltd, NO 10, 14th Main Road, Sector 5, HSR Layout, Bangalore 560102<br>","country_id":"104","city_id":"15","currency_id":"31","instructor_id":"1","dates":[{"date":"2016-05-19","start_time":"09:00 am","end_time":"05:00 pm"},{"date":"2016-05-20","start_time":"09:00 am","end_time":"05:00 pm"}],"credits":[{"credit_id":"1","no_of_credits":"4"}],"offers":null,"status":"1"}', '{"id":"1","uid":"57340c852a194","start_date":"2016-05-19","end_date":"2016-05-20","start_time":"09:00:00","end_time":"17:00:00","price":"24998.00","eventbrite_url":"","no_of_days":"2","batch":"1","venue":"KnowledgeHut Solutions Pvt Ltd, NO 10, 14th Main Road, Sector 5, HSR Layout, Bangalore 560102<br>","country_id":"104","city_id":"15","currency_id":"31","instructor_id":"0","course_id":"1","status":"1","created":"2016-05-12 12:54:29","modified":"2016-05-12 12:54:29","instructor":null,"country":"India","city":"Bangalore","currency":"USD"}', 1, 1, '2016-05-12 13:02:18', '2016-05-12 13:02:18'),
(17, 'coupons', '{"code":"COUPON1","discount":"25","valid_from":"2016-05-16","valid_to":"2016-05-18","limit":"10","visibility":"1","coupon_for":"1","status":"1","type":1,"modified":"2016-05-12 13:07:56","created":"2016-05-12 13:07:56"}', '', 1, 1, '2016-05-12 13:07:56', '2016-05-12 13:07:56'),
(18, 'instructors', '{"first_name":"Kiran","last_name":"Thakkar","email":"kiranthakkar@gmail.com","secondary_email":"","phone":"","designation":"IT professional","country_id":"104","city_id":"15","description":"Kiran Thakkar, an IT professional with 25 years of experience in global application development and leadership, is a Project Management Professional (certified by the PMI) and a Certified Scrum Trainer (certified by the Scrum Alliance). Kiran also holds an MBA and an MS in Computer Science. Kiran worked at Siemens Medical Solutions and played an instrumental role in one of the largest agile\\/scrum implementation in the world. Kiran was an overall program release manager at Siemens for a very large-scale, globally distributed, and FDA compliant agile initiative (40+ teams, over 500 members, part of overall 120+ teams). Kiran laid the groundwork for agile practices still in use and highly effective in Siemens today. Kiran brings real life scrum implementation experience to his class. He also pioneered implementation of the agile practices and mentored scrum masters globally. He was one of the early adopter of enterprise level large-scale agile\\/scrum. He is also an adjunct faculty at Penn State Great Valley, DeVry\\/Keller University, and University of Phoenix teaching in online and traditional ''on-ground'' environment.<br><br>","image":"142591252517611_thumnail.jpg","resume":null,"slug":"kiran-thakkar","popular":0,"learners":"100","status":"1","modified":"2016-05-12 13:08:39"}', '{"id":"1","first_name":"Kiran","last_name":"Thakkar","email":"kiranthakkar@gmail.com","secondary_email":"","phone":"","image":null,"designation":"IT professional","specialization":"","resume":null,"learners":"100","description":"Kiran Thakkar, an IT professional with 25 years of experience in global application development and leadership, is a Project Management Professional (certified by the PMI) and a Certified Scrum Trainer (certified by the Scrum Alliance). Kiran also holds an MBA and an MS in Computer Science. Kiran worked at Siemens Medical Solutions and played an instrumental role in one of the largest agile\\/scrum implementation in the world. Kiran was an overall program release manager at Siemens for a very large-scale, globally distributed, and FDA compliant agile initiative (40+ teams, over 500 members, part of overall 120+ teams). Kiran laid the groundwork for agile practices still in use and highly effective in Siemens today. Kiran brings real life scrum implementation experience to his class. He also pioneered implementation of the agile practices and mentored scrum masters globally. He was one of the early adopter of enterprise level large-scale agile\\/scrum. He is also an adjunct faculty at Penn State Great Valley, DeVry\\/Keller University, and University of Phoenix teaching in online and traditional ''on-ground'' environment.<br><br>","country_id":"104","city_id":"15","slug":"kiran-thakkar","popular":"0","status":"1","created":"2016-05-12 13:01:01","modified":"2016-05-12 13:02:02","country":"India","city":"Bangalore"}', 2, 1, '2016-05-12 13:08:39', '2016-05-12 13:08:39'),
(19, 'classroom_session_credits', '[{"credit_id":"1","no_of_credits":"4","classroom_session_id":2}]', '', 1, 1, '2016-05-12 13:11:23', '2016-05-12 13:11:23'),
(20, 'classroom_sessions', '{"start_date":"2016-06-30","end_date":"2016-07-01","start_time":"09:00","end_time":"17:00","price":"24998","eventbrite_url":"","batch":"1","no_of_days":"2","venue":"KnowledgeHut Solutions Pvt Ltd, NO 10, 14th Main Road, Sector 5, HSR Layout, Bangalore 560102<br><br>","country_id":"104","city_id":"15","currency_id":"31","instructor_id":"1","status":"1","course_id":"1","uid":"5734107b32416","modified":"2016-05-12 13:11:23","created":"2016-05-12 13:11:23"}', '', 1, 1, '2016-05-12 13:11:23', '2016-05-12 13:11:23'),
(21, 'classroom_session_credits', '[{"credit_id":"1","no_of_credits":"4","classroom_session_id":3}]', '', 1, 1, '2016-05-12 13:14:28', '2016-05-12 13:14:28'),
(22, 'classroom_sessions', '{"start_date":"2016-08-02","end_date":"2016-08-03","start_time":"09:00","end_time":"17:00","price":"26999.00","eventbrite_url":"","batch":"1","no_of_days":"2","venue":"KnowledgeHut Solutions Pvt Ltd, NO 10, 14th Main Road, Sector 5, HSR Layout, Bangalore 560102<br><br>","country_id":"104","city_id":"15","currency_id":"31","instructor_id":"1","status":"1","course_id":"1","uid":"57341134283c7","modified":"2016-05-12 13:14:28","created":"2016-05-12 13:14:28"}', '', 1, 1, '2016-05-12 13:14:28', '2016-05-12 13:14:28'),
(23, 'classroom_session_credits', '[{"credit_id":"1","no_of_credits":"4","classroom_session_id":"1"}]', '', 1, 1, '2016-05-12 13:15:50', '2016-05-12 13:15:50'),
(24, 'classroom_sessions', '{"start_date":"2016-05-19","end_date":"2016-05-20","start_time":"09:00","end_time":"17:00","price":"26999.00","eventbrite_url":"","batch":"1","no_of_days":"2","venue":"KnowledgeHut Solutions Pvt Ltd, NO 10, 14th Main Road, Sector 5, HSR Layout, Bangalore 560102<br>","country_id":"104","city_id":"15","currency_id":"31","instructor_id":"1","dates":[{"date":"2016-05-19","start_time":"09:00 am","end_time":"05:00 pm"},{"date":"2016-05-20","start_time":"09:00 am","end_time":"05:00 pm"}],"credits":[{"credit_id":"1","no_of_credits":"4"}],"offers":[{"name":"early bird","price":"24998","start_date":"2016-05-12","end_date":"2016-05-13"}],"status":"1"}', '{"id":"1","uid":"57340c852a194","start_date":"2016-05-19","end_date":"2016-05-20","start_time":"09:00:00","end_time":"17:00:00","price":"24998.00","eventbrite_url":"","no_of_days":"2","batch":"1","venue":"KnowledgeHut Solutions Pvt Ltd, NO 10, 14th Main Road, Sector 5, HSR Layout, Bangalore 560102<br>","country_id":"104","city_id":"15","currency_id":"31","instructor_id":"1","course_id":"1","status":"1","created":"2016-05-12 12:54:29","modified":"2016-05-12 13:02:18","instructor":"Kiran","country":"India","city":"Bangalore","currency":"USD"}', 1, 1, '2016-05-12 13:15:50', '2016-05-12 13:15:50'),
(25, 'classroom_session_credits', '[{"credit_id":"1","no_of_credits":"4","classroom_session_id":"2"}]', '', 1, 1, '2016-05-12 13:16:35', '2016-05-12 13:16:35'),
(26, 'classroom_sessions', '{"start_date":"2016-06-30","end_date":"2016-07-01","start_time":"09:00","end_time":"17:00","price":"26999.00","eventbrite_url":"","batch":"1","no_of_days":"2","venue":"KnowledgeHut Solutions Pvt Ltd, NO 10, 14th Main Road, Sector 5, HSR Layout, Bangalore 560102<br><br>","country_id":"104","city_id":"15","currency_id":"31","instructor_id":"1","dates":[{"date":"2016-06-30","start_time":"09:00 am","end_time":"05:00 pm"},{"date":"2016-07-01","start_time":"09:00 am","end_time":"05:00 pm"}],"credits":[{"credit_id":"1","no_of_credits":"4"}],"offers":[{"name":"early bird","price":"24998","start_date":"2016-05-12","end_date":"2016-06-15"}],"status":"1"}', '{"id":"2","uid":"5734107b32416","start_date":"2016-06-30","end_date":"2016-07-01","start_time":"09:00:00","end_time":"17:00:00","price":"24998.00","eventbrite_url":"","no_of_days":"2","batch":"1","venue":"KnowledgeHut Solutions Pvt Ltd, NO 10, 14th Main Road, Sector 5, HSR Layout, Bangalore 560102<br><br>","country_id":"104","city_id":"15","currency_id":"31","instructor_id":"1","course_id":"1","status":"1","created":"2016-05-12 13:11:23","modified":"2016-05-12 13:11:23","instructor":"Kiran","country":"India","city":"Bangalore","currency":"USD"}', 1, 1, '2016-05-12 13:16:35', '2016-05-12 13:16:35'),
(27, 'course_credits', '[{"credit_id":"1","no_of_credits":"4","course_id":"1"}]', '', 1, 1, '2016-05-12 13:37:09', '2016-05-12 13:37:09'),
(28, 'courses', '{"name":"Certified Scrum Master","about":"About CMS<br>","about_city":"About City<br>","no_of_hrs":"7","category_id":"6","short_name":"CMS","h1name":"Certified Scrum Master Training (CSM\\u00ae)","meta_title":"Certified Scrum Master Training (CSM\\u00ae)","class_name":"Test Class1","slug":"certified-scrum-master","image":"20160308110329SCR20146-Seals-Final-CSM1.png","accreditation_logo":"20160308110329SCR20146-Seals-Final-CSM1.png","brochure":"w_infk06.pdf","tag_ids":null,"credits":[{"credit_id":"1","no_of_credits":"4"}],"status":"1"}', '{"id":"1","uid":"57340a3835","name":"Certified Scrum Master","h1name":"","meta_title":"","meta_description":"","seo_description":"","brochure":"w_infk06.pdf","image":"20160308110329SCR20146-Seals-Final-CSM1.png","accreditation_logo":"20160308110329SCR20146-Seals-Final-CSM1.png","about":"About CMS<br>","about_city":"About City<br>","no_of_hrs":"7","short_name":"CMS","slug":"certified-scrum-master","reviews":"0","students":"0","rating":"0.0","order_by":"0","category_id":"6","trending":"0","class_name":"Test Class1","status":"1","created":"2016-05-12 12:44:40","modified":"2016-05-12 12:46:28","category":"Business Intelligence and Analytics"}', 2, 1, '2016-05-12 13:37:09', '2016-05-12 13:37:09'),
(29, 'classroom_session_credits', '[{"credit_id":"1","no_of_credits":"4","classroom_session_id":"1"}]', '', 1, 1, '2016-05-12 14:39:54', '2016-05-12 14:39:54'),
(30, 'classroom_sessions', '{"start_date":"2016-05-19","end_date":"2016-05-20","start_time":"09:00","end_time":"17:00","price":"26999.00","eventbrite_url":"","batch":"1","no_of_days":"2","venue":"KnowledgeHut Solutions Pvt Ltd, NO 10, 14th Main Road, Sector 5, HSR Layout, Bangalore 560102<br>","country_id":"104","city_id":"15","currency_id":"31","instructor_id":"1","dates":[{"date":"2016-05-19","start_time":"09:00 am","end_time":"05:00 pm"},{"date":"2016-05-20","start_time":"09:00 am","end_time":"05:00 pm"}],"credits":[{"credit_id":"1","no_of_credits":"4"}],"offers":null,"status":"1"}', '{"id":"1","uid":"57340c852a194","start_date":"2016-05-19","end_date":"2016-05-20","start_time":"09:00:00","end_time":"17:00:00","price":"26999.00","eventbrite_url":"","no_of_days":"2","batch":"1","venue":"KnowledgeHut Solutions Pvt Ltd, NO 10, 14th Main Road, Sector 5, HSR Layout, Bangalore 560102<br>","country_id":"104","city_id":"15","currency_id":"31","instructor_id":"1","course_id":"1","status":"1","created":"2016-05-12 12:54:29","modified":"2016-05-12 13:15:50","instructor":"Kiran","country":"India","city":"Bangalore","currency":"USD"}', 1, 1, '2016-05-12 14:39:54', '2016-05-12 14:39:54'),
(31, 'classroom_session_credits', '[{"credit_id":"1","no_of_credits":"4","classroom_session_id":"1"}]', '', 1, 1, '2016-05-12 14:43:22', '2016-05-12 14:43:22'),
(32, 'classroom_sessions', '{"start_date":"2016-05-19","end_date":"2016-05-20","start_time":"09:00","end_time":"17:00","price":"26999.00","eventbrite_url":"","batch":"1","no_of_days":"2","venue":"KnowledgeHut Solutions Pvt Ltd, NO 10, 14th Main Road, Sector 5, HSR Layout, Bangalore 560102<br>","country_id":"104","city_id":"15","currency_id":"31","instructor_id":"1","dates":[{"date":"2016-05-19","start_time":"09:00 am","end_time":"05:00 pm"},{"date":"2016-05-20","start_time":"09:00 am","end_time":"05:00 pm"}],"credits":[{"credit_id":"1","no_of_credits":"4"}],"offers":null,"status":"1"}', '{"id":"1","uid":"57340c852a194","start_date":"2016-05-19","end_date":"2016-05-20","start_time":"09:00:00","end_time":"17:00:00","price":"26999.00","eventbrite_url":"","no_of_days":"2","batch":"1","venue":"KnowledgeHut Solutions Pvt Ltd, NO 10, 14th Main Road, Sector 5, HSR Layout, Bangalore 560102<br>","country_id":"104","city_id":"15","currency_id":"31","instructor_id":"1","course_id":"1","status":"1","created":"2016-05-12 12:54:29","modified":"2016-05-12 14:39:54","instructor":"Kiran","country":"India","city":"Bangalore","currency":"USD"}', 1, 1, '2016-05-12 14:43:22', '2016-05-12 14:43:22'),
(33, 'classroom_session_credits', '[{"credit_id":"1","no_of_credits":"4","classroom_session_id":"1"}]', '', 1, 1, '2016-05-12 14:43:58', '2016-05-12 14:43:58'),
(34, 'classroom_sessions', '{"start_date":"2016-05-19","end_date":"2016-05-20","start_time":"09:00","end_time":"17:00","price":"26999.00","eventbrite_url":"","batch":"1","no_of_days":"2","venue":"KnowledgeHut Solutions Pvt Ltd, NO 10, 14th Main Road, Sector 5, HSR Layout, Bangalore 560102<br>","country_id":"104","city_id":"15","currency_id":"31","instructor_id":"1","dates":[{"date":"2016-05-19","start_time":"09:00 am","end_time":"05:00 pm"},{"date":"2016-05-20","start_time":"09:00 am","end_time":"05:00 pm"}],"credits":[{"credit_id":"1","no_of_credits":"4"}],"offers":null,"status":"1"}', '{"id":"1","uid":"57340c852a194","start_date":"2016-05-19","end_date":"2016-05-20","start_time":"09:00:00","end_time":"17:00:00","price":"26999.00","eventbrite_url":"","no_of_days":"2","batch":"1","venue":"KnowledgeHut Solutions Pvt Ltd, NO 10, 14th Main Road, Sector 5, HSR Layout, Bangalore 560102<br>","country_id":"104","city_id":"15","currency_id":"31","instructor_id":"1","course_id":"1","status":"1","created":"2016-05-12 12:54:29","modified":"2016-05-12 14:43:22","instructor":"Kiran","country":"India","city":"Bangalore","currency":"USD"}', 1, 1, '2016-05-12 14:43:58', '2016-05-12 14:43:58'),
(35, 'classroom_session_credits', '[{"credit_id":"1","no_of_credits":"4","classroom_session_id":"1"}]', '', 1, 1, '2016-05-12 14:49:42', '2016-05-12 14:49:42'),
(36, 'classroom_sessions', '{"start_date":"2016-05-19","end_date":"2016-05-20","start_time":"09:00","end_time":"17:00","price":"26999.00","eventbrite_url":"","batch":"1","no_of_days":"2","venue":"KnowledgeHut Solutions Pvt Ltd, NO 10, 14th Main Road, Sector 5, HSR Layout, Bangalore 560102<br>","country_id":"104","city_id":"15","currency_id":"31","instructor_id":"1","dates":[{"date":"2016-05-19","start_time":"09:00 am","end_time":"05:00 pm"},{"date":"2016-05-20","start_time":"09:00 am","end_time":"05:00 pm"}],"credits":[{"credit_id":"1","no_of_credits":"4"}],"offers":null,"status":"1"}', '{"id":"1","uid":"57340c852a194","start_date":"2016-05-19","end_date":"2016-05-20","start_time":"09:00:00","end_time":"17:00:00","price":"26999.00","eventbrite_url":"","no_of_days":"2","batch":"1","venue":"KnowledgeHut Solutions Pvt Ltd, NO 10, 14th Main Road, Sector 5, HSR Layout, Bangalore 560102<br>","country_id":"104","city_id":"15","currency_id":"31","instructor_id":"1","course_id":"1","status":"1","created":"2016-05-12 12:54:29","modified":"2016-05-12 14:43:58","instructor":"Kiran","country":"India","city":"Bangalore","currency":"USD"}', 1, 1, '2016-05-12 14:49:42', '2016-05-12 14:49:42'),
(37, 'classroom_session_credits', '[{"credit_id":"1","no_of_credits":"4","classroom_session_id":"1"}]', '', 1, 1, '2016-05-12 15:04:28', '2016-05-12 15:04:28'),
(38, 'classroom_sessions', '{"start_date":"2016-05-19","end_date":"2016-05-20","start_time":"09:00","end_time":"17:00","price":"26999.00","eventbrite_url":"","batch":"1","no_of_days":"2","venue":"KnowledgeHut Solutions Pvt Ltd, NO 10, 14th Main Road, Sector 5, HSR Layout, Bangalore 560102<br>","country_id":"104","city_id":"15","currency_id":"31","instructor_id":"1","dates":[{"date":"2016-05-19","start_time":"09:00 am","end_time":"05:00 pm"},{"date":"2016-05-20","start_time":"09:00 am","end_time":"05:00 pm"}],"credits":[{"credit_id":"1","no_of_credits":"4"}],"offers":[],"status":"1"}', '{"id":"1","uid":"57340c852a194","start_date":"2016-05-19","end_date":"2016-05-20","start_time":"09:00:00","end_time":"17:00:00","price":"26999.00","eventbrite_url":"","no_of_days":"2","batch":"1","venue":"KnowledgeHut Solutions Pvt Ltd, NO 10, 14th Main Road, Sector 5, HSR Layout, Bangalore 560102<br>","country_id":"104","city_id":"15","currency_id":"31","instructor_id":"1","course_id":"1","status":"1","created":"2016-05-12 12:54:29","modified":"2016-05-12 14:49:42","instructor":"Kiran","country":"India","city":"Bangalore","currency":"USD"}', 1, 1, '2016-05-12 15:04:28', '2016-05-12 15:04:28'),
(39, 'course_credits', '[{"credit_id":"1","no_of_credits":"4","course_id":"1"}]', '', 1, 1, '2016-05-12 18:31:27', '2016-05-12 18:31:27'),
(40, 'courses', '{"name":"Certified Scrum Master","about":"About CMS<br>","about_city":"About City<br>","no_of_hrs":"7","category_id":"6","short_name":"CMS","h1name":"Certified Scrum Master Training (CSM<sup>\\u00ae<sup>)","meta_title":"Certified Scrum Master Training (CSM<sup>\\u00ae<sup>)","class_name":"Test Class1","slug":"certified-scrum-master","image":"20160308110329SCR20146-Seals-Final-CSM1.png","accreditation_logo":"20160308110329SCR20146-Seals-Final-CSM1.png","brochure":"w_infk06.pdf","tag_ids":null,"credits":[{"credit_id":"1","no_of_credits":"4"}],"status":"1"}', '{"id":"1","uid":"57340a3835","name":"Certified Scrum Master","h1name":"Certified Scrum Master Training (CSM\\u00ae)","meta_title":"Certified Scrum Master Training (CSM\\u00ae)","meta_description":"","seo_description":"","brochure":"w_infk06.pdf","image":"20160308110329SCR20146-Seals-Final-CSM1.png","accreditation_logo":"20160308110329SCR20146-Seals-Final-CSM1.png","about":"About CMS<br>","about_city":"About City<br>","no_of_hrs":"7","short_name":"CMS","slug":"certified-scrum-master","reviews":"0","students":"0","rating":"0.0","order_by":"0","category_id":"6","trending":"0","class_name":"Test Class1","status":"1","created":"2016-05-12 12:44:40","modified":"2016-05-12 13:37:09","category":"Business Intelligence and Analytics"}', 2, 1, '2016-05-12 18:31:27', '2016-05-12 18:31:27'),
(41, 'course_credits', '[{"credit_id":"1","no_of_credits":"4","course_id":"1"}]', '', 1, 1, '2016-05-12 18:32:10', '2016-05-12 18:32:10'),
(42, 'courses', '{"name":"Certified Scrum Master","about":"About CMS<br>","about_city":"About City<br>","no_of_hrs":"7","category_id":"6","short_name":"CMS","h1name":"Certified Scrum Master Training (CSM&lt;sup&gt;\\u00ae&lt;sup&gt;)","meta_title":"Certified Scrum Master Training (CSM&lt;sup&gt;\\u00ae&lt;sup&gt;)","class_name":"Test Class1","slug":"certified-scrum-master","image":"20160308110329SCR20146-Seals-Final-CSM1.png","accreditation_logo":"20160308110329SCR20146-Seals-Final-CSM1.png","brochure":"w_infk06.pdf","tag_ids":null,"credits":[{"credit_id":"1","no_of_credits":"4"}],"status":"1"}', '{"id":"1","uid":"57340a3835","name":"Certified Scrum Master","h1name":"Certified Scrum Master Training (CSM<sup>\\u00ae<sup>)","meta_title":"Certified Scrum Master Training (CSM<sup>\\u00ae<sup>)","meta_description":"","seo_description":"","brochure":"w_infk06.pdf","image":"20160308110329SCR20146-Seals-Final-CSM1.png","accreditation_logo":"20160308110329SCR20146-Seals-Final-CSM1.png","about":"About CMS<br>","about_city":"About City<br>","no_of_hrs":"7","short_name":"CMS","slug":"certified-scrum-master","reviews":"0","students":"0","rating":"0.0","order_by":"0","category_id":"6","trending":"0","class_name":"Test Class1","status":"1","created":"2016-05-12 12:44:40","modified":"2016-05-12 18:31:27","category":"Business Intelligence and Analytics"}', 2, 1, '2016-05-12 18:32:10', '2016-05-12 18:32:10'),
(43, 'course_credits', '[{"credit_id":"1","no_of_credits":"4","course_id":"1"}]', '', 1, 1, '2016-05-12 18:32:55', '2016-05-12 18:32:55'),
(44, 'courses', '{"name":"Certified Scrum Master","about":"About CMS<br>","about_city":"About City<br>","no_of_hrs":"7","category_id":"6","short_name":"CMS","h1name":"Certified Scrum Master Training (CSM<sup>\\u00ae<\\/sup>)","meta_title":"Certified Scrum Master Training (CSM<sup>\\u00ae<\\/sup>)","class_name":"Test Class1","slug":"certified-scrum-master","image":"20160308110329SCR20146-Seals-Final-CSM1.png","accreditation_logo":"20160308110329SCR20146-Seals-Final-CSM1.png","brochure":"w_infk06.pdf","tag_ids":null,"credits":[{"credit_id":"1","no_of_credits":"4"}],"status":"1"}', '{"id":"1","uid":"57340a3835","name":"Certified Scrum Master","h1name":"Certified Scrum Master Training (CSM&lt;sup&gt;\\u00ae&lt;sup&gt;)","meta_title":"Certified Scrum Master Training (CSM&lt;sup&gt;\\u00ae&lt;sup&gt;)","meta_description":"","seo_description":"","brochure":"w_infk06.pdf","image":"20160308110329SCR20146-Seals-Final-CSM1.png","accreditation_logo":"20160308110329SCR20146-Seals-Final-CSM1.png","about":"About CMS<br>","about_city":"About City<br>","no_of_hrs":"7","short_name":"CMS","slug":"certified-scrum-master","reviews":"0","students":"0","rating":"0.0","order_by":"0","category_id":"6","trending":"0","class_name":"Test Class1","status":"1","created":"2016-05-12 12:44:40","modified":"2016-05-12 18:32:10","category":"Business Intelligence and Analytics"}', 2, 1, '2016-05-12 18:32:55', '2016-05-12 18:32:55'),
(45, 'course_credits', '[{"credit_id":"1","no_of_credits":"4","course_id":"1"}]', '', 1, 1, '2016-05-12 18:33:20', '2016-05-12 18:33:20'),
(46, 'courses', '{"name":"Certified Scrum Master","about":"About CMS<br>","about_city":"About City<br>","no_of_hrs":"7","category_id":"6","short_name":"CMS","h1name":"Certified Scrum Master Training (CSM&lt;sup&gt;\\u00ae&lt;\\/sup&gt;)","meta_title":"Certified Scrum Master Training (CSM&lt;sup&gt;\\u00ae&lt;\\/sup&gt;)","class_name":"Test Class1","slug":"certified-scrum-master","image":"20160308110329SCR20146-Seals-Final-CSM1.png","accreditation_logo":"20160308110329SCR20146-Seals-Final-CSM1.png","brochure":"w_infk06.pdf","tag_ids":null,"credits":[{"credit_id":"1","no_of_credits":"4"}],"status":"1"}', '{"id":"1","uid":"57340a3835","name":"Certified Scrum Master","h1name":"Certified Scrum Master Training (CSM<sup>\\u00ae<\\/sup>)","meta_title":"Certified Scrum Master Training (CSM<sup>\\u00ae<\\/sup>)","meta_description":"","seo_description":"","brochure":"w_infk06.pdf","image":"20160308110329SCR20146-Seals-Final-CSM1.png","accreditation_logo":"20160308110329SCR20146-Seals-Final-CSM1.png","about":"About CMS<br>","about_city":"About City<br>","no_of_hrs":"7","short_name":"CMS","slug":"certified-scrum-master","reviews":"0","students":"0","rating":"0.0","order_by":"0","category_id":"6","trending":"0","class_name":"Test Class1","status":"1","created":"2016-05-12 12:44:40","modified":"2016-05-12 18:32:55","category":"Business Intelligence and Analytics"}', 2, 1, '2016-05-12 18:33:20', '2016-05-12 18:33:20'),
(47, 'course_credits', '[{"credit_id":"1","no_of_credits":"4","course_id":"1"}]', '', 1, 1, '2016-05-12 18:38:50', '2016-05-12 18:38:50'),
(48, 'courses', '{"name":"Certified Scrum Master","about":"About CMS<br>","about_city":"About City<br>","no_of_hrs":"7","category_id":"6","short_name":"CMS","h1name":"Certified Scrum Master Training (CSM<sup>\\u00ae<\\/sup>)","meta_title":"Certified Scrum Master Training (CSM<sup>\\u00ae<\\/sup>)","class_name":"Test Class1","slug":"certified-scrum-master","image":"20160308110329SCR20146-Seals-Final-CSM1.png","accreditation_logo":"20160308110329SCR20146-Seals-Final-CSM1.png","brochure":"w_infk06.pdf","tag_ids":null,"credits":[{"credit_id":"1","no_of_credits":"4"}],"status":"1"}', '{"id":"1","uid":"57340a3835","name":"Certified Scrum Master","h1name":"Certified Scrum Master Training (CSM&lt;sup&gt;\\u00ae&lt;\\/sup&gt;)","meta_title":"Certified Scrum Master Training (CSM&lt;sup&gt;\\u00ae&lt;\\/sup&gt;)","meta_description":"","seo_description":"","brochure":"w_infk06.pdf","image":"20160308110329SCR20146-Seals-Final-CSM1.png","accreditation_logo":"20160308110329SCR20146-Seals-Final-CSM1.png","about":"About CMS<br>","about_city":"About City<br>","no_of_hrs":"7","short_name":"CMS","slug":"certified-scrum-master","reviews":"0","students":"0","rating":"0.0","order_by":"0","category_id":"6","trending":"0","class_name":"Test Class1","status":"1","created":"2016-05-12 12:44:40","modified":"2016-05-12 18:33:20","category":"Business Intelligence and Analytics"}', 2, 1, '2016-05-12 18:38:50', '2016-05-12 18:38:50'),
(49, 'course_credits', '[{"credit_id":"1","no_of_credits":"4","course_id":"1"}]', '', 1, 1, '2016-05-12 18:39:05', '2016-05-12 18:39:05'),
(50, 'courses', '{"name":"Certified Scrum Master","about":"About CMS<br>","about_city":"About City<br>","no_of_hrs":"7","category_id":"6","short_name":"CMS","h1name":"Certified Scrum Master Training (CSM<sup>\\u00ae<\\/sup>)","meta_title":"Certified Scrum Master Training (CSM&lt;sup&gt;\\u00ae&lt;\\/sup&gt;)","class_name":"Test Class1","slug":"certified-scrum-master","image":"20160308110329SCR20146-Seals-Final-CSM1.png","accreditation_logo":"20160308110329SCR20146-Seals-Final-CSM1.png","brochure":"w_infk06.pdf","tag_ids":null,"credits":[{"credit_id":"1","no_of_credits":"4"}],"status":"1"}', '{"id":"1","uid":"57340a3835","name":"Certified Scrum Master","h1name":"Certified Scrum Master Training (CSM<sup>\\u00ae<\\/sup>)","meta_title":"Certified Scrum Master Training (CSM<sup>\\u00ae<\\/sup>)","meta_description":"","seo_description":"","brochure":"w_infk06.pdf","image":"20160308110329SCR20146-Seals-Final-CSM1.png","accreditation_logo":"20160308110329SCR20146-Seals-Final-CSM1.png","about":"About CMS<br>","about_city":"About City<br>","no_of_hrs":"7","short_name":"CMS","slug":"certified-scrum-master","reviews":"0","students":"0","rating":"0.0","order_by":"0","category_id":"6","trending":"0","class_name":"Test Class1","status":"1","created":"2016-05-12 12:44:40","modified":"2016-05-12 18:38:50","category":"Business Intelligence and Analytics"}', 2, 1, '2016-05-12 18:39:05', '2016-05-12 18:39:05'),
(51, 'countries', '{"name":"India","service_tax":"14.00","slug":"india","currency_id":"16","continent_id":"4","code":"IN","isd":"+91","status":"1"}', '{"id":"104","name":"India","isd":"+91","service_tax":"14.00","code":"IN","alpha3_code":"IND","numeric_code":"356","slug":"india","continent_id":"4","currency_id":"31","status":"1","continent":"APAC","currency":"USD"}', 2, 1, '2016-05-16 12:59:52', '2016-05-16 12:59:52'),
(52, 'classroom_session_credits', '[{"credit_id":"1","no_of_credits":"4","classroom_session_id":"1"}]', '', 1, 1, '2016-05-16 13:00:22', '2016-05-16 13:00:22'),
(53, 'classroom_sessions', '{"start_date":"2016-05-19","end_date":"2016-05-20","start_time":"09:00","end_time":"17:00","price":"26999.00","eventbrite_url":"","batch":"1","no_of_days":"2","venue":"KnowledgeHut Solutions Pvt Ltd, NO 10, 14th Main Road, Sector 5, HSR Layout, Bangalore 560102<br>","country_id":"104","city_id":"15","currency_id":"16","instructor_id":"1","dates":[{"date":"2016-05-19","start_time":"09:00 am","end_time":"05:00 pm"},{"date":"2016-05-20","start_time":"09:00 am","end_time":"05:00 pm"}],"credits":[{"credit_id":"1","no_of_credits":"4"}],"offers":[],"status":"1"}', '{"id":"1","uid":"57340c852a194","start_date":"2016-05-19","end_date":"2016-05-20","start_time":"09:00:00","end_time":"17:00:00","price":"26999.00","eventbrite_url":"","no_of_days":"2","batch":"1","venue":"KnowledgeHut Solutions Pvt Ltd, NO 10, 14th Main Road, Sector 5, HSR Layout, Bangalore 560102<br>","country_id":"104","city_id":"15","currency_id":"31","instructor_id":"1","course_id":"1","status":"1","created":"2016-05-12 12:54:29","modified":"2016-05-12 15:04:28","instructor":"Kiran","country":"India","city":"Bangalore","currency":"USD"}', 1, 1, '2016-05-16 13:00:22', '2016-05-16 13:00:22'),
(54, 'classroom_session_credits', '[{"credit_id":"1","no_of_credits":"4","classroom_session_id":"2"}]', '', 1, 1, '2016-05-16 13:01:01', '2016-05-16 13:01:01'),
(55, 'classroom_sessions', '{"start_date":"2016-06-30","end_date":"2016-07-01","start_time":"09:00","end_time":"17:00","price":"26999.00","eventbrite_url":"","batch":"1","no_of_days":"2","venue":"KnowledgeHut Solutions Pvt Ltd, NO 10, 14th Main Road, Sector 5, HSR Layout, Bangalore 560102<br><br>","country_id":"104","city_id":"15","currency_id":"16","instructor_id":"1","dates":[{"date":"2016-06-30","start_time":"09:00 am","end_time":"05:00 pm"},{"date":"2016-07-01","start_time":"09:00 am","end_time":"05:00 pm"}],"credits":[{"credit_id":"1","no_of_credits":"4"}],"offers":[{"name":"early bird","price":"24998.00","start_date":"2016-05-12","end_date":"2016-06-15"}],"status":"1"}', '{"id":"2","uid":"5734107b32416","start_date":"2016-06-30","end_date":"2016-07-01","start_time":"09:00:00","end_time":"17:00:00","price":"26999.00","eventbrite_url":"","no_of_days":"2","batch":"1","venue":"KnowledgeHut Solutions Pvt Ltd, NO 10, 14th Main Road, Sector 5, HSR Layout, Bangalore 560102<br><br>","country_id":"104","city_id":"15","currency_id":"31","instructor_id":"1","course_id":"1","status":"1","created":"2016-05-12 13:11:23","modified":"2016-05-12 13:16:35","instructor":"Kiran","country":"India","city":"Bangalore","currency":"USD"}', 1, 1, '2016-05-16 13:01:01', '2016-05-16 13:01:01'),
(56, 'classroom_session_credits', '[{"credit_id":"1","no_of_credits":"4","classroom_session_id":"3"}]', '', 1, 1, '2016-05-16 13:01:03', '2016-05-16 13:01:03'),
(57, 'classroom_sessions', '{"start_date":"2016-08-02","end_date":"2016-08-03","start_time":"09:00","end_time":"17:00","price":"26999.00","eventbrite_url":"","batch":"1","no_of_days":"2","venue":"KnowledgeHut Solutions Pvt Ltd, NO 10, 14th Main Road, Sector 5, HSR Layout, Bangalore 560102<br><br>","country_id":"104","city_id":"15","currency_id":"16","instructor_id":"1","dates":[{"date":"2016-08-02","start_time":"09:00 am","end_time":"05:00 pm"},{"date":"2016-08-03","start_time":"09:00 am","end_time":"05:00 pm"}],"credits":[{"credit_id":"1","no_of_credits":"4"}],"offers":[{"name":"early bird","price":"24998.00","start_date":"2016-05-12","end_date":"2016-07-14"}],"status":"1"}', '{"id":"3","uid":"57341134283c7","start_date":"2016-08-02","end_date":"2016-08-03","start_time":"09:00:00","end_time":"17:00:00","price":"26999.00","eventbrite_url":"","no_of_days":"2","batch":"1","venue":"KnowledgeHut Solutions Pvt Ltd, NO 10, 14th Main Road, Sector 5, HSR Layout, Bangalore 560102<br><br>","country_id":"104","city_id":"15","currency_id":"31","instructor_id":"1","course_id":"1","status":"1","created":"2016-05-12 13:14:28","modified":"2016-05-12 13:14:28","instructor":"Kiran","country":"India","city":"Bangalore","currency":"USD"}', 1, 1, '2016-05-16 13:01:03', '2016-05-16 13:01:03'),
(58, 'classroom_session_credits', '[{"credit_id":"1","no_of_credits":"4","classroom_session_id":"2"}]', '', 1, 1, '2016-05-16 19:42:53', '2016-05-16 19:42:53'),
(59, 'classroom_sessions', '{"start_date":"2016-06-30","end_date":"2016-07-01","start_time":"09:00","end_time":"17:00","price":"26999.00","eventbrite_url":"","batch":"1","no_of_days":"2","venue":"KnowledgeHut Solutions Pvt Ltd, NO 10, 14th Main Road, Sector 5, HSR Layout, Bangalore 560102<br><br>","country_id":"104","city_id":"15","currency_id":"16","instructor_id":"1","dates":[{"date":"2016-06-30","start_time":"09:00 am","end_time":"05:00 pm"},{"date":"2016-07-01","start_time":"09:00 am","end_time":"05:00 pm"}],"credits":[{"credit_id":"1","no_of_credits":"4"}],"offers":[{"name":"early bird","price":"24998.00","start_date":"2016-05-12","end_date":"2016-05-16"}],"status":"1"}', '{"id":"2","uid":"5734107b32416","start_date":"2016-06-30","end_date":"2016-07-01","start_time":"09:00:00","end_time":"17:00:00","price":"26999.00","eventbrite_url":"","no_of_days":"2","batch":"1","venue":"KnowledgeHut Solutions Pvt Ltd, NO 10, 14th Main Road, Sector 5, HSR Layout, Bangalore 560102<br><br>","country_id":"104","city_id":"15","currency_id":"16","instructor_id":"1","course_id":"1","status":"1","created":"2016-05-12 13:11:23","modified":"2016-05-16 13:01:01","instructor":"Kiran","country":"India","city":"Bangalore","currency":"INR"}', 1, 1, '2016-05-16 19:42:53', '2016-05-16 19:42:53'),
(60, 'classroom_session_credits', '[{"credit_id":"1","no_of_credits":"4","classroom_session_id":"1"}]', '', 1, 1, '2016-05-17 15:10:34', '2016-05-17 15:10:34'),
(61, 'classroom_sessions', '{"start_date":"2016-05-19","end_date":"2016-05-20","start_time":"09:00","end_time":"17:00","price":"26999.00","eventbrite_url":"https:\\/\\/www.eventbrite.com\\/","batch":"1","no_of_days":"2","venue":"KnowledgeHut Solutions Pvt Ltd, NO 10, 14th Main Road, Sector 5, HSR Layout, Bangalore 560102<br>","country_id":"104","city_id":"15","currency_id":"16","instructor_id":"1","dates":[{"date":"2016-05-19","start_time":"09:00 am","end_time":"05:00 pm"},{"date":"2016-05-20","start_time":"09:00 am","end_time":"05:00 pm"}],"credits":[{"credit_id":"1","no_of_credits":"4"}],"offers":[],"status":"1"}', '{"id":"1","uid":"57340c852a194","start_date":"2016-05-19","end_date":"2016-05-20","start_time":"09:00:00","end_time":"17:00:00","price":"26999.00","eventbrite_url":"","no_of_days":"2","batch":"1","venue":"KnowledgeHut Solutions Pvt Ltd, NO 10, 14th Main Road, Sector 5, HSR Layout, Bangalore 560102<br>","country_id":"104","city_id":"15","currency_id":"16","instructor_id":"1","course_id":"1","status":"1","created":"2016-05-12 12:54:29","modified":"2016-05-16 13:00:22","instructor":"Kiran","country":"India","city":"Bangalore","currency":"INR"}', 1, 1, '2016-05-17 15:10:34', '2016-05-17 15:10:34'),
(62, 'classroom_session_credits', '[{"credit_id":"1","no_of_credits":"14","classroom_session_id":4}]', '', 1, 1, '2016-05-18 16:05:32', '2016-05-18 16:05:32'),
(63, 'classroom_sessions', '{"start_date":"2016-05-26","end_date":"2016-05-27","start_time":"09:00","end_time":"18:00","price":"1295","eventbrite_url":"https:\\/\\/www.eventbrite.com\\/e\\/certified-scrum-master-training-csm-in-chicago-il-united-states-tickets-24768121117?aff=ebrowse#tickets","batch":"1","no_of_days":"2","venue":"\\r\\n  Microtrain\\r\\n  200 W. Adams St, Suite 410 Chicago, IL Chicago, IL, United States 60606\\r\\n<br>","country_id":"233","city_id":"235","currency_id":"31","instructor_id":"0","status":"1","course_id":"1","uid":"573c224c4a013","modified":"2016-05-18 16:05:32","created":"2016-05-18 16:05:32"}', '', 1, 1, '2016-05-18 16:05:32', '2016-05-18 16:05:32'),
(64, 'instructors', '{"first_name":"Steve","last_name":"Spearman","email":"Steve@knowledgehut.com","secondary_email":"","phone":"918041100637","designation":"CST","specializations":["CSM","SCRUM"],"course_ids":["1"],"country_id":"233","city_id":"406","description":"&lt;span&gt;Steve Spearman is a founder and Principal at Swift \\r\\nAscent, LLC.  Steve is a Certified Scrum Trainer (CST) and an Agile \\r\\ncoach working at the enterprise and team levels.  Steve has over 30 \\r\\nyears of experience in corporate software development as a software \\r\\ndeveloper, architect, project manager, scrum master and in multiple \\r\\nmanagement positions.  His enterprise experience spanned Bell \\r\\nLaboratories, Lucent, Avaya, and Cisco Systems.&lt;br&gt;.  &lt;br&gt;For the&lt;span&gt;\\r\\n last 4 years, Steve has been providing Agile-focused training and \\r\\ncoaching to companies ranging from late-stage start ups to large \\r\\ncorporations.   He has been a presenter at several conferences, \\r\\nincluding the 2012 Agile East conference, Mile Hi Agile 2014, Scrum \\r\\nGathering 2014, and Agile 2014.&lt;br&gt;&lt;br&gt;Steve has a BA in Psychology and a\\r\\n Masters in Computer Science.   His other certifications include: SAFe \\r\\nProgram Consultant (SPC), PMI-ACP, PMP, Certified Scrum Product Owner, \\r\\nand Certified ScrumMaster.&lt;br&gt;&lt;br&gt;You can find more information on Steve\\u2019s background &amp;amp;recent engagements at &lt;a rel=\\"\\" target=\\"\\" href=\\"https:\\/\\/www.linkedin.com\\/in\\/stevespearman\\"&gt;https:\\/\\/www.linkedin.com\\/in\\/stevespearman&lt;\\/a&gt;&lt;\\/span&gt;&lt;\\/span&gt;&lt;br&gt;","image":"142926624218374_thumnail.jpg","resume":"New_Microsoft_Word_Document.doc","slug":"Steve-spearman","popular":0,"learners":"100","status":"1"}', '', 1, 1, '2016-05-18 16:13:14', '2016-05-18 16:13:14'),
(65, 'classroom_session_credits', '[{"credit_id":"1","no_of_credits":"14","classroom_session_id":"4"}]', '', 1, 1, '2016-05-18 16:13:42', '2016-05-18 16:13:42');
INSERT INTO `user_logs` (`id`, `table`, `new_content`, `old_content`, `operation`, `user_id`, `created`, `modified`) VALUES
(66, 'classroom_sessions', '{"start_date":"2016-05-26","end_date":"2016-05-27","start_time":"09:00","end_time":"18:00","price":"1295.00","eventbrite_url":"https:\\/\\/www.eventbrite.com\\/e\\/certified-scrum-master-training-csm-in-chicago-il-united-states-tickets-24768121117?aff=ebrowse#tickets","batch":"1","no_of_days":"2","venue":"Microtrain\\r\\n  200 W. Adams St, Suite 410 Chicago, IL Chicago, IL, United States 60606\\r\\n<br>","country_id":"233","city_id":"235","currency_id":"31","instructor_id":"2","dates":[{"date":"2016-05-26","start_time":"09:00 am","end_time":"06:00 pm"},{"date":"2016-05-27","start_time":"09:00 am","end_time":"06:00 pm"}],"credits":[{"credit_id":"1","no_of_credits":"14"}],"offers":[{"name":"Early Bird Price","price":"1195.00","start_date":"2016-05-18","end_date":"2016-05-19"}],"status":"1"}', '{"id":"4","uid":"573c224c4a013","start_date":"2016-05-26","end_date":"2016-05-27","start_time":"09:00:00","end_time":"18:00:00","price":"1295.00","eventbrite_url":"https:\\/\\/www.eventbrite.com\\/e\\/certified-scrum-master-training-csm-in-chicago-il-united-states-tickets-24768121117?aff=ebrowse#tickets","no_of_days":"2","batch":"1","venue":"\\r\\n  Microtrain\\r\\n  200 W. Adams St, Suite 410 Chicago, IL Chicago, IL, United States 60606\\r\\n<br>","country_id":"233","city_id":"235","currency_id":"31","instructor_id":"0","course_id":"1","status":"1","created":"2016-05-18 16:05:32","modified":"2016-05-18 16:05:32","instructor":null,"country":"United States","city":"Chicago-IL","currency":"USD"}', 1, 1, '2016-05-18 16:13:42', '2016-05-18 16:13:42'),
(67, 'instructors', '{"first_name":"Steve","last_name":"Spearman","email":"Steve@knowledgehut.com","secondary_email":"","phone":"918041100637","designation":"CST","country_id":"233","city_id":"406","description":"Steve Spearman is a founder and Principal at Swift Ascent, LLC. Steve is a Certified Scrum Trainer (CST) and an Agile coach working at the enterprise and team levels. Steve has over 30 years of experience in corporate software development as a software developer, architect, project manager, scrum master and in multiple management positions. His enterprise experience spanned Bell Laboratories, Lucent, Avaya, and Cisco Systems.<br><br>For the last 4 years, Steve has been providing Agile-focused training and coaching to companies ranging from late-stage start ups to large corporations. He has been a presenter at several conferences, including the 2012 Agile East conference, Mile Hi Agile 2014, Scrum Gathering 2014, and Agile 2014.<br><br>Steve has a BA in Psychology and a Masters in Computer Science. His other certifications include: SAFe Program Consultant (SPC), PMI-ACP, PMP, Certified Scrum Product Owner, and Certified ScrumMaster.<br><br>You can find more information on Steve\\u2019s background &recent engagements at <a rel=\\"\\" target=\\"\\" href=\\"https:\\/\\/www.linkedin.com\\/in\\/stevespearman\\">https:\\/\\/www.linkedin.com\\/in\\/stevespearman<\\/a><br><br>","image":"142926624218374_thumnail.jpg","resume":"New_Microsoft_Word_Document.doc","slug":"Steve-spearman","popular":0,"learners":"100","status":"1","modified":"2016-05-18 18:21:08"}', '{"id":"2","first_name":"Steve","last_name":"Spearman","email":"Steve@knowledgehut.com","secondary_email":"","phone":"918041100637","image":"142926624218374_thumnail.jpg","designation":"CST","specialization":"","resume":"New_Microsoft_Word_Document.doc","learners":"100","description":"&lt;span&gt;Steve Spearman is a founder and Principal at Swift \\r\\nAscent, LLC.  Steve is a Certified Scrum Trainer (CST) and an Agile \\r\\ncoach working at the enterprise and team levels.  Steve has over 30 \\r\\nyears of experience in corporate software development as a software \\r\\ndeveloper, architect, project manager, scrum master and in multiple \\r\\nmanagement positions.  His enterprise experience spanned Bell \\r\\nLaboratories, Lucent, Avaya, and Cisco Systems.&lt;br&gt;.  &lt;br&gt;For the&lt;span&gt;\\r\\n last 4 years, Steve has been providing Agile-focused training and \\r\\ncoaching to companies ranging from late-stage start ups to large \\r\\ncorporations.   He has been a presenter at several conferences, \\r\\nincluding the 2012 Agile East conference, Mile Hi Agile 2014, Scrum \\r\\nGathering 2014, and Agile 2014.&lt;br&gt;&lt;br&gt;Steve has a BA in Psychology and a\\r\\n Masters in Computer Science.   His other certifications include: SAFe \\r\\nProgram Consultant (SPC), PMI-ACP, PMP, Certified Scrum Product Owner, \\r\\nand Certified ScrumMaster.&lt;br&gt;&lt;br&gt;You can find more information on Steve\\u2019s background &amp;amp;recent engagements at &lt;a rel=\\"\\" target=\\"\\" href=\\"https:\\/\\/www.linkedin.com\\/in\\/stevespearman\\"&gt;https:\\/\\/www.linkedin.com\\/in\\/stevespearman&lt;\\/a&gt;&lt;\\/span&gt;&lt;\\/span&gt;&lt;br&gt;","country_id":"233","city_id":"406","slug":"Steve-spearman","popular":"0","status":"1","created":"2016-05-18 16:13:14","modified":"2016-05-18 16:13:14","country":"United States","city":"Bothell-WA"}', 2, 1, '2016-05-18 18:21:08', '2016-05-18 18:21:08'),
(68, 'instructors', '{"first_name":"Timothy","last_name":"Korson","email":"Timothy@knowledgehut.com","secondary_email":"","phone":"16137070763","designation":"CST","specializations":["SCRUM"],"course_ids":["1"],"country_id":"233","city_id":"240","description":"Timothy Korson is a Scrum trainer and coach. He has had many years of substantial experience working on a large variety of systems developed using modern agile techniques. This experience includes distributed, real time, embedded systems as well as business information systems in an n-tier, client-server environment. Dr. Korson\\u2019s current focus is on helping organizations implement high value products using Scrum.<br><br>As a leader in the field of agile software development, Tim has authored articles, given numerous tutorials on agile techniques, and worked with numerous organizations transitioning to Scrum.\\u00a0 <br><br>","image":"146018829025560_thumnail.jpg","resume":"DOC.doc","slug":"Timothy-korson","popular":0,"learners":"100","status":"1"}', '', 1, 1, '2016-05-18 18:29:08', '2016-05-18 18:29:08'),
(69, 'instructors', '{"first_name":"Heitor","last_name":"De Sa Roriz Filho","email":"Heitor@knowledgehut.com","secondary_email":"","phone":"18326840080","designation":"CST","specializations":["scrum"],"course_ids":["1"],"country_id":"233","city_id":"381","description":"Heitor Roriz Filho is an \\"agilero\\". He currently works as an Agile Coach and Trainer worldwide, based in Sao Paulo. He is a writer, speaker and trainer in the area of Technology Management. He has been dealing with Agile since 2004 and in addition to speaking for Agile\\/Scrum, Six Sigma and PMI conferences, he is the founder activist of the ScrumAmazonia user group. He is also the co-founder and Agile Coach of Massimus (<a rel=\\"\\" target=\\"\\" href=\\"http:\\/\\/www.massimus.com\\">http:\\/\\/www.massimus.com<\\/a>) a company focused on APM (Agile Project Management) training and coaching. He holds a M.Sc. in Information Technology from the University of Stuttgart, Germany. Has worked and gathered experience in companies like Itautec-Philco SA, DaimlerChrysler AG, Fraunhofer Institut, FPF (Funda\\u00e7\\u00e3o Paulo Feitoza), among others. He worked for 3 years as a ScrumMaster and Product Owner for FPF and Siemens-Mobile where he also coached teams to implement and improve Scrum in projects. During 2+ years he worked as Information Manager for the local government at Municipal Institute of Urban Planning where he applied Scrum outside of software, in architectural and building projects. He participated as a research assistant in projects belonging to LBA (Large-scale Biosphere-atmosphere Experiment in Amazonia) at INPA (<a rel=\\"\\" target=\\"\\" href=\\"http:\\/\\/www.inpa.br\\">http:\\/\\/www.inpa.br<\\/a>) in cooperation with JICA (Japan International Cooperation Agency) and NASA (National Aeronautics and Space Agency). Heitor is a passionate for Agile and Scrum. He truly believes Agile can change the way we work achieving excellence levels of precision and performance. He is very interested in Agile Leadership and Agile Project Management as levers of improving our ways of work. <br><br>","image":"142673853317570_thumnail.jpg","resume":"DOC.doc","slug":"Heitor-Desarorizfilho","popular":0,"learners":"100","status":"1"}', '', 1, 1, '2016-05-18 18:35:11', '2016-05-18 18:35:11'),
(70, 'instructors', '{"first_name":"Samir","last_name":"Chhibber","email":"Samir@knowledgehut.com","secondary_email":"","phone":"18326840080","designation":"CST","specializations":["scrum"],"course_ids":["1"],"country_id":"233","city_id":"215","description":"Samir is a Certified Scrum Trainer and Agile thought leader with extensive experience in training, coaching and implementing the Agile framework for both commercial and government organizations. He has trained numerous teams, arming them with the skills needed to apply classroom theory to operational success at the team and project level. Samir has more than 20 years of experience in managing programs, including serving as ScrumMaster for one of Cisco\\u2019s largest Unified Communication programs and Virtual Desktop Solutions, and working with multiple government agencies on implementing the Agile Framework to more rapidly achieve their missions. <br><br>","image":"142592170217616_thumnail.jpg","resume":"DOC.doc","slug":"Samir-chhibber","popular":0,"learners":"100","status":"1"}', '', 1, 1, '2016-05-18 18:40:46', '2016-05-18 18:40:46'),
(71, 'classroom_session_credits', '[{"credit_id":"1","no_of_credits":"4","classroom_session_id":"1"}]', '', 1, 1, '2016-05-18 18:49:32', '2016-05-18 18:49:32'),
(72, 'classroom_sessions', '{"start_date":"2016-05-19","end_date":"2016-05-20","start_time":"09:00","end_time":"17:00","price":"26999.00","eventbrite_url":"https:\\/\\/www.eventbrite.com\\/","batch":"1","no_of_days":"2","venue":"KnowledgeHut Solutions Pvt Ltd, NO 10, 14th Main Road, Sector 5, HSR Layout, Bangalore 560102.","country_id":"104","city_id":"15","currency_id":"16","instructor_id":"1","dates":[{"date":"2016-05-19","start_time":"09:00 am","end_time":"05:00 pm"},{"date":"2016-05-20","start_time":"09:00 am","end_time":"05:00 pm"}],"credits":[{"credit_id":"1","no_of_credits":"4"}],"offers":[],"status":"1"}', '{"id":"1","uid":"57340c852a194","start_date":"2016-05-19","end_date":"2016-05-20","start_time":"09:00:00","end_time":"17:00:00","price":"26999.00","eventbrite_url":"https:\\/\\/www.eventbrite.com\\/","no_of_days":"2","batch":"1","venue":"KnowledgeHut Solutions Pvt Ltd, NO 10, 14th Main Road, Sector 5, HSR Layout, Bangalore 560102<br>","country_id":"104","city_id":"15","currency_id":"16","instructor_id":"1","course_id":"1","status":"1","created":"2016-05-12 12:54:29","modified":"2016-05-17 15:10:34","instructor":"Kiran","country":"India","city":"Bangalore","currency":"INR"}', 1, 1, '2016-05-18 18:49:32', '2016-05-18 18:49:32'),
(73, 'classroom_session_credits', '[{"credit_id":"1","no_of_credits":"14","classroom_session_id":"4"}]', '', 1, 1, '2016-05-18 18:50:01', '2016-05-18 18:50:01'),
(74, 'classroom_sessions', '{"start_date":"2016-05-26","end_date":"2016-05-27","start_time":"09:00","end_time":"18:00","price":"1295.00","eventbrite_url":"https:\\/\\/www.eventbrite.com\\/e\\/certified-scrum-master-training-csm-in-chicago-il-united-states-tickets-24768121117?aff=ebrowse#tickets","batch":"1","no_of_days":"2","venue":"Microtrain\\r\\n  200 W. Adams St, Suite 410 Chicago, IL Chicago, IL, United States 60606.<br>","country_id":"233","city_id":"235","currency_id":"31","instructor_id":"2","dates":[{"date":"2016-05-26","start_time":"09:00 am","end_time":"06:00 pm"},{"date":"2016-05-27","start_time":"09:00 am","end_time":"06:00 pm"}],"credits":[{"credit_id":"1","no_of_credits":"14"}],"offers":[{"name":"Early Bird Price","price":"1195.00","start_date":"2016-05-18","end_date":"2016-05-19"}],"status":"1"}', '{"id":"4","uid":"573c224c4a013","start_date":"2016-05-26","end_date":"2016-05-27","start_time":"09:00:00","end_time":"18:00:00","price":"1295.00","eventbrite_url":"https:\\/\\/www.eventbrite.com\\/e\\/certified-scrum-master-training-csm-in-chicago-il-united-states-tickets-24768121117?aff=ebrowse#tickets","no_of_days":"2","batch":"1","venue":"Microtrain\\r\\n  200 W. Adams St, Suite 410 Chicago, IL Chicago, IL, United States 60606\\r\\n<br>","country_id":"233","city_id":"235","currency_id":"31","instructor_id":"2","course_id":"1","status":"1","created":"2016-05-18 16:05:32","modified":"2016-05-18 16:13:42","instructor":"Steve","country":"United States","city":"Chicago-IL","currency":"USD"}', 1, 1, '2016-05-18 18:50:01', '2016-05-18 18:50:01'),
(75, 'classroom_session_credits', '[{"credit_id":"1","no_of_credits":"4","classroom_session_id":"2"}]', '', 1, 1, '2016-05-18 18:50:12', '2016-05-18 18:50:12'),
(76, 'classroom_sessions', '{"start_date":"2016-06-30","end_date":"2016-07-01","start_time":"09:00","end_time":"17:00","price":"26999.00","eventbrite_url":"","batch":"1","no_of_days":"2","venue":"KnowledgeHut Solutions Pvt Ltd, NO 10, 14th Main Road, Sector 5, HSR Layout, Bangalore 560102.","country_id":"104","city_id":"15","currency_id":"16","instructor_id":"1","dates":[{"date":"2016-06-30","start_time":"09:00 am","end_time":"05:00 pm"},{"date":"2016-07-01","start_time":"09:00 am","end_time":"05:00 pm"}],"credits":[{"credit_id":"1","no_of_credits":"4"}],"offers":[{"name":"early bird","price":"24998.00","start_date":"2016-05-12","end_date":"2016-05-16"}],"status":"1"}', '{"id":"2","uid":"5734107b32416","start_date":"2016-06-30","end_date":"2016-07-01","start_time":"09:00:00","end_time":"17:00:00","price":"26999.00","eventbrite_url":"","no_of_days":"2","batch":"1","venue":"KnowledgeHut Solutions Pvt Ltd, NO 10, 14th Main Road, Sector 5, HSR Layout, Bangalore 560102<br><br>","country_id":"104","city_id":"15","currency_id":"16","instructor_id":"1","course_id":"1","status":"1","created":"2016-05-12 13:11:23","modified":"2016-05-16 19:42:53","instructor":"Kiran","country":"India","city":"Bangalore","currency":"INR"}', 1, 1, '2016-05-18 18:50:12', '2016-05-18 18:50:12'),
(77, 'classroom_session_credits', '[{"credit_id":"1","no_of_credits":"4","classroom_session_id":"3"}]', '', 1, 1, '2016-05-18 18:50:21', '2016-05-18 18:50:21'),
(78, 'classroom_sessions', '{"start_date":"2016-08-02","end_date":"2016-08-03","start_time":"09:00","end_time":"17:00","price":"26999.00","eventbrite_url":"","batch":"1","no_of_days":"2","venue":"KnowledgeHut Solutions Pvt Ltd, NO 10, 14th Main Road, Sector 5, HSR Layout, Bangalore 560102.","country_id":"104","city_id":"15","currency_id":"16","instructor_id":"1","dates":[{"date":"2016-08-02","start_time":"09:00 am","end_time":"05:00 pm"},{"date":"2016-08-03","start_time":"09:00 am","end_time":"05:00 pm"}],"credits":[{"credit_id":"1","no_of_credits":"4"}],"offers":[{"name":"early bird","price":"24998.00","start_date":"2016-05-12","end_date":"2016-07-14"}],"status":"1"}', '{"id":"3","uid":"57341134283c7","start_date":"2016-08-02","end_date":"2016-08-03","start_time":"09:00:00","end_time":"17:00:00","price":"26999.00","eventbrite_url":"","no_of_days":"2","batch":"1","venue":"KnowledgeHut Solutions Pvt Ltd, NO 10, 14th Main Road, Sector 5, HSR Layout, Bangalore 560102<br><br>","country_id":"104","city_id":"15","currency_id":"16","instructor_id":"1","course_id":"1","status":"1","created":"2016-05-12 13:14:28","modified":"2016-05-16 13:01:03","instructor":"Kiran","country":"India","city":"Bangalore","currency":"INR"}', 1, 1, '2016-05-18 18:50:21', '2016-05-18 18:50:21'),
(79, 'classroom_session_credits', '[{"credit_id":"1","no_of_credits":"4","classroom_session_id":"3"}]', '', 1, 1, '2016-05-18 18:50:29', '2016-05-18 18:50:29'),
(80, 'classroom_sessions', '{"start_date":"2016-08-02","end_date":"2016-08-03","start_time":"09:00","end_time":"17:00","price":"26999.00","eventbrite_url":"","batch":"1","no_of_days":"2","venue":"KnowledgeHut Solutions Pvt Ltd, NO 10, 14th Main Road, Sector 5, HSR Layout, Bangalore 560102.","country_id":"104","city_id":"15","currency_id":"16","instructor_id":"1","dates":[{"date":"2016-08-02","start_time":"09:00 am","end_time":"05:00 pm"},{"date":"2016-08-03","start_time":"09:00 am","end_time":"05:00 pm"}],"credits":[{"credit_id":"1","no_of_credits":"4"}],"offers":[{"name":"early bird","price":"24998.00","start_date":"2016-05-12","end_date":"2016-07-14"}],"status":"1"}', '{"id":"3","uid":"57341134283c7","start_date":"2016-08-02","end_date":"2016-08-03","start_time":"09:00:00","end_time":"17:00:00","price":"26999.00","eventbrite_url":"","no_of_days":"2","batch":"1","venue":"KnowledgeHut Solutions Pvt Ltd, NO 10, 14th Main Road, Sector 5, HSR Layout, Bangalore 560102.","country_id":"104","city_id":"15","currency_id":"16","instructor_id":"1","course_id":"1","status":"1","created":"2016-05-12 13:14:28","modified":"2016-05-18 18:50:21","instructor":"Kiran","country":"India","city":"Bangalore","currency":"INR"}', 1, 1, '2016-05-18 18:50:29', '2016-05-18 18:50:29'),
(81, 'cities', '{"name":"Washington-DC","slug":"washington","state":"District Of Columbia","country_id":"233","timezone_id":"38","status":"1"}', '{"id":"381","name":"Washington-DC","state":"District Of Columbia","match_name":"Washington","slug":"washington","country_id":"233","timezone_id":"0","status":"0","country":"United States"}', 2, 1, '2016-05-18 19:14:00', '2016-05-18 19:14:00'),
(82, 'classroom_session_credits', '[{"credit_id":"1","no_of_credits":"14","classroom_session_id":5}]', '', 1, 1, '2016-05-18 19:16:06', '2016-05-18 19:16:06'),
(83, 'classroom_sessions', '{"start_date":"2016-06-07","end_date":"2016-06-08","start_time":"09:00","end_time":"18:00","price":"1295","eventbrite_url":"","batch":"1","no_of_days":"2","venue":"\\r\\n  Courtyard\\r\\n  Washington Embassy Row 1600 Rhode Island Avenue, NW. Washington, District Of\\r\\n  Columbia 20036 USA\\r\\n<b><\\/b><br>","country_id":"233","city_id":"381","currency_id":"31","instructor_id":"2","status":"1","course_id":"1","uid":"573c4ef647917","modified":"2016-05-18 19:16:06","created":"2016-05-18 19:16:06"}', '', 1, 1, '2016-05-18 19:16:06', '2016-05-18 19:16:06'),
(84, 'cities', '{"name":"Malvern-PA","slug":"malvernpa","state":"Pennsylvania","country_id":"233","timezone_id":"38","status":"1"}', '{"id":"410","name":"Malvern-PA","state":"Pennsylvania","match_name":"Malvern","slug":"malvernpa","country_id":"233","timezone_id":"0","status":"0","country":"United States"}', 2, 1, '2016-05-18 19:28:39', '2016-05-18 19:28:39'),
(85, 'cities', '{"name":"Pittsburgh-PA","slug":"pittsburgh","state":"Pennsylvania","country_id":"233","timezone_id":"38","status":"1"}', '{"id":"333","name":"Pittsburgh-PA","state":"Pennsylvania","match_name":"Pittsburgh","slug":"pittsburgh","country_id":"233","timezone_id":"0","status":"0","country":"United States"}', 2, 1, '2016-05-18 19:28:46', '2016-05-18 19:28:46'),
(86, 'cities', '{"name":"Charlotte-NC","slug":"charlotte","state":"North Carolina","country_id":"233","timezone_id":"38","status":"1"}', '{"id":"232","name":"Charlotte-NC","state":"North Carolina","match_name":"Charlotte","slug":"charlotte","country_id":"23","timezone_id":"0","status":"0","country":"Bahrain"}', 2, 1, '2016-05-18 19:29:28', '2016-05-18 19:29:28'),
(87, 'cities', '{"name":"Tampa-FL","slug":"tampa","state":"Florida","country_id":"233","timezone_id":"69","status":"1"}', '{"id":"372","name":"Tampa-FL","state":"Florida","match_name":"Tampa","slug":"tampa","country_id":"233","timezone_id":"0","status":"0","country":"United States"}', 2, 1, '2016-05-18 19:30:03', '2016-05-18 19:30:03'),
(88, 'cities', '{"name":"North Scottsdale","slug":"northscottsdale","state":"Arizona","country_id":"233","timezone_id":"38","status":"1"}', '{"id":"319","name":"North Scottsdale","state":"Arizona","match_name":"Scottsdale","slug":"northscottsdale","country_id":"233","timezone_id":"0","status":"0","country":"United States"}', 2, 1, '2016-05-18 19:30:33', '2016-05-18 19:30:33'),
(89, 'cities', '{"name":"Indianapolis-IN","slug":"indianapolis","state":"Indiana","country_id":"233","timezone_id":"69","status":"1"}', '{"id":"281","name":"Indianapolis-IN","state":"Indiana","match_name":"Indianapolis","slug":"indianapolis","country_id":"233","timezone_id":"0","status":"0","country":"United States"}', 2, 1, '2016-05-18 19:31:03', '2016-05-18 19:31:03'),
(90, 'cities', '{"name":"Cleveland-OH","slug":"cleveland","state":"Ohio","country_id":"233","timezone_id":"69","status":"1"}', '{"id":"238","name":"Cleveland-OH","state":"Ohio","match_name":"Cleveland","slug":"cleveland","country_id":"233","timezone_id":"0","status":"0","country":"United States"}', 2, 1, '2016-05-18 19:31:28', '2016-05-18 19:31:28'),
(91, 'cities', '{"name":"Salt Lake City-UT","slug":"saltlakecity","state":"Utah","country_id":"233","timezone_id":"69","status":"1"}', '{"id":"353","name":"Salt Lake City-UT","state":"Utah","match_name":"Salt Lake City","slug":"saltlakecity","country_id":"233","timezone_id":"0","status":"0","country":"United States"}', 2, 1, '2016-05-18 19:32:01', '2016-05-18 19:32:01'),
(92, 'cities', '{"name":"Columbia-MD","slug":"columbia","state":"Maryland","country_id":"233","timezone_id":"38","status":"1"}', '{"id":"240","name":"Columbia-MD","state":"Maryland","match_name":"Columbia","slug":"columbia","country_id":"233","timezone_id":"0","status":"0","country":"United States"}', 2, 1, '2016-05-18 19:32:22', '2016-05-18 19:32:22'),
(93, 'cities', '{"name":"Cincinnati-OH","slug":"cincinnati","state":"Ohio","country_id":"233","timezone_id":"11","status":"1"}', '{"id":"237","name":"Cincinnati-OH","state":"Ohio","match_name":"Cincinnati","slug":"cincinnati","country_id":"233","timezone_id":"0","status":"0","country":"United States"}', 2, 1, '2016-05-18 19:33:14', '2016-05-18 19:33:14'),
(94, 'classroom_session_credits', '[{"credit_id":"1","no_of_credits":"14","classroom_session_id":6}]', '', 1, 1, '2016-05-18 19:41:59', '2016-05-18 19:41:59'),
(95, 'classroom_sessions', '{"start_date":"2016-06-09","end_date":"2016-06-10","start_time":"09:00","end_time":"06:00","price":"1299","eventbrite_url":"","batch":"1","no_of_days":"2","venue":"\\r\\n  Penn\\r\\n  State Great Valley University 30 E Swedesford Road Malvern (Philadelphia), PA\\r\\n  19355 United States\\r\\n<br>","country_id":"233","city_id":"410","currency_id":"31","instructor_id":"1","status":"1","course_id":"1","uid":"573c550707a22","modified":"2016-05-18 19:41:59","created":"2016-05-18 19:41:59"}', '', 1, 1, '2016-05-18 19:41:59', '2016-05-18 19:41:59'),
(96, 'classroom_session_credits', '[{"credit_id":"1","no_of_credits":"14","classroom_session_id":7}]', '', 1, 1, '2016-05-18 19:43:47', '2016-05-18 19:43:47'),
(97, 'classroom_sessions', '{"start_date":"2016-06-15","end_date":"2016-06-16","start_time":"09:00","end_time":"18:00","price":"1299","eventbrite_url":"","batch":"1","no_of_days":"2","venue":"\\r\\n  The Penn\\r\\n  State Center Pittsburgh Energy Innovation Center 1435 Bedford Avenue, Suite A\\r\\n  Pittsburgh, PA 15219 United States\\r\\n<br>","country_id":"233","city_id":"333","currency_id":"31","instructor_id":"1","status":"1","course_id":"1","uid":"573c55732e020","modified":"2016-05-18 19:43:47","created":"2016-05-18 19:43:47"}', '', 1, 1, '2016-05-18 19:43:47', '2016-05-18 19:43:47'),
(98, 'classroom_session_credits', '[{"credit_id":"1","no_of_credits":"14","classroom_session_id":8}]', '', 1, 1, '2016-05-18 19:45:25', '2016-05-18 19:45:25'),
(99, 'classroom_sessions', '{"start_date":"2016-06-13","end_date":"2016-06-14","start_time":"09:00","end_time":"18:00","price":"1295","eventbrite_url":"","batch":"1","no_of_days":"2","venue":"","country_id":"233","city_id":"232","currency_id":"31","instructor_id":"3","status":"1","course_id":"1","uid":"573c55d5ebe67","modified":"2016-05-18 19:45:25","created":"2016-05-18 19:45:25"}', '', 1, 1, '2016-05-18 19:45:25', '2016-05-18 19:45:25'),
(100, 'classroom_session_credits', '[{"credit_id":"1","no_of_credits":"14","classroom_session_id":9}]', '', 1, 1, '2016-05-18 19:47:19', '2016-05-18 19:47:19'),
(101, 'classroom_sessions', '{"start_date":"2016-06-16","end_date":"2016-06-17","start_time":"09:00","end_time":"18:00","price":"1295","eventbrite_url":"","batch":"1","no_of_days":"2","venue":"\\r\\n  RAC\\r\\n  Houston-Conference Center Inc 1880 South Dairy Ashford, Bldg. II, Suite 220\\r\\n  Houston, Texas 77077\\r\\n<br>","country_id":"233","city_id":"278","currency_id":"31","instructor_id":"3","status":"1","course_id":"1","uid":"573c5647e7ccf","modified":"2016-05-18 19:47:19","created":"2016-05-18 19:47:19"}', '', 1, 1, '2016-05-18 19:47:19', '2016-05-18 19:47:19'),
(102, 'classroom_session_credits', '[{"credit_id":"1","no_of_credits":"14","classroom_session_id":10}]', '', 1, 1, '2016-05-18 19:49:24', '2016-05-18 19:49:24'),
(103, 'classroom_sessions', '{"start_date":"2016-06-20","end_date":"2016-06-21","start_time":"09:00","end_time":"06:30","price":"1295","eventbrite_url":"","batch":"1","no_of_days":"2","venue":"\\r\\n  Quality\\r\\n  Inn Airport Tampa 1020 S. Dale Mabry Hwy. Tampa Florida United states 33629\\r\\n<br>","country_id":"233","city_id":"372","currency_id":"31","instructor_id":"4","status":"1","course_id":"1","uid":"573c56c4b1804","modified":"2016-05-18 19:49:24","created":"2016-05-18 19:49:24"}', '', 1, 1, '2016-05-18 19:49:24', '2016-05-18 19:49:24'),
(104, 'classroom_session_credits', '[{"credit_id":"1","no_of_credits":"14","classroom_session_id":11}]', '', 1, 1, '2016-05-18 19:52:47', '2016-05-18 19:52:47'),
(105, 'classroom_sessions', '{"start_date":"2016-06-22","end_date":"2016-06-23","start_time":"09:00","end_time":"18:00","price":"1295","eventbrite_url":"","batch":"1","no_of_days":"2","venue":"\\r\\n  Wingate\\r\\n  by Wyndham - Buckhead 3600 Piedmont Road, N.E. Atlanta, GA 30305\\r\\n<br>","country_id":"233","city_id":"215","currency_id":"31","instructor_id":"4","status":"1","course_id":"1","uid":"573c578f7e650","modified":"2016-05-18 19:52:47","created":"2016-05-18 19:52:47"}', '', 1, 1, '2016-05-18 19:52:47', '2016-05-18 19:52:47'),
(106, 'cities', '{"name":"Scottsdale-AZ","slug":"northscottsdale","state":"Arizona","country_id":"233","timezone_id":"38","status":"1"}', '{"id":"319","name":"North Scottsdale","state":"Arizona","match_name":"Scottsdale","slug":"northscottsdale","country_id":"233","timezone_id":"38","status":"1","country":"United States"}', 2, 1, '2016-05-18 19:53:31', '2016-05-18 19:53:31'),
(107, 'classroom_session_credits', '[{"credit_id":"1","no_of_credits":"14","classroom_session_id":12}]', '', 1, 1, '2016-05-18 19:55:52', '2016-05-18 19:55:52'),
(108, 'classroom_sessions', '{"start_date":"2016-06-20","end_date":"2016-06-21","start_time":"09:00","end_time":"18:00","price":"1295","eventbrite_url":"","batch":"1","no_of_days":"2","venue":"\\r\\n  Chaparral\\r\\n  Suites Scottsdale,5001 North Scottsdale Road,Scottsdale, Az 85250 United\\r\\n  States\\r\\n<br>","country_id":"233","city_id":"319","currency_id":"31","instructor_id":"3","status":"1","course_id":"1","uid":"573c5848d3e18","modified":"2016-05-18 19:55:52","created":"2016-05-18 19:55:52"}', '', 1, 1, '2016-05-18 19:55:52', '2016-05-18 19:55:52'),
(109, 'classroom_session_credits', '[{"credit_id":"1","no_of_credits":"14","classroom_session_id":13}]', '', 1, 1, '2016-05-18 19:57:34', '2016-05-18 19:57:34'),
(110, 'classroom_sessions', '{"start_date":"2016-06-25","end_date":"2016-06-26","start_time":"09:00","end_time":"18:00","price":"1295","eventbrite_url":"","batch":"1","no_of_days":"2","venue":"\\r\\n  Embassy\\r\\n  Suites by Hilton Dallas Near the Galleria 14021 Noel Road, Dallas, TX 75240<br>","country_id":"233","city_id":"243","currency_id":"31","instructor_id":"4","status":"1","course_id":"1","uid":"573c58ae70235","modified":"2016-05-18 19:57:34","created":"2016-05-18 19:57:34"}', '', 1, 1, '2016-05-18 19:57:34', '2016-05-18 19:57:34'),
(111, 'classroom_session_credits', '[{"credit_id":"1","no_of_credits":"14","classroom_session_id":14}]', '', 1, 1, '2016-05-18 20:00:55', '2016-05-18 20:00:55'),
(112, 'classroom_sessions', '{"start_date":"2016-06-28","end_date":"2016-06-29","start_time":"09:00","end_time":"18:00","price":"1295","eventbrite_url":"","batch":"1","no_of_days":"2","venue":"\\r\\n  Hyatt\\r\\n  Place Indianapolis Airport 5500 W Bradbury Ave Indianapolis, IN 46241 United\\r\\n  States\\r\\n<br>","country_id":"233","city_id":"281","currency_id":"31","instructor_id":"4","status":"1","course_id":"1","uid":"573c597763b5c","modified":"2016-05-18 20:00:55","created":"2016-05-18 20:00:55"}', '', 1, 1, '2016-05-18 20:00:55', '2016-05-18 20:00:55'),
(113, 'cities', '{"name":"Philadelphia-PA","slug":"philadelphia","state":"Pennsylvania","country_id":"233","timezone_id":"38","status":"1"}', '{"id":"331","name":"Philadelphia-PA","state":"Pennsylvania","match_name":"Philadelphia","slug":"philadelphia","country_id":"233","timezone_id":"0","status":"0","country":"United States"}', 2, 1, '2016-05-18 20:09:11', '2016-05-18 20:09:11'),
(114, 'classroom_session_credits', '[{"credit_id":"1","no_of_credits":"14","classroom_session_id":15}]', '', 1, 1, '2016-05-18 20:13:53', '2016-05-18 20:13:53'),
(115, 'classroom_sessions', '{"start_date":"2016-06-30","end_date":"2016-07-01","start_time":"09:00","end_time":"18:00","price":"1295","eventbrite_url":"","batch":"1","no_of_days":"2","venue":"\\r\\n  Hilton\\r\\n  Garden Inn - Philadelphia Center City 1100 Arch Street Philadelphia, PA 19107\\r\\n<br>","country_id":"233","city_id":"331","currency_id":"31","instructor_id":"4","status":"1","course_id":"1","uid":"573c5c816b06e","modified":"2016-05-18 20:13:53","created":"2016-05-18 20:13:53"}', '', 1, 1, '2016-05-18 20:13:53', '2016-05-18 20:13:53'),
(116, 'classroom_session_credits', '[{"credit_id":"1","no_of_credits":"14","classroom_session_id":16}]', '', 1, 1, '2016-05-18 21:12:25', '2016-05-18 21:12:25'),
(117, 'classroom_sessions', '{"start_date":"2016-07-07","end_date":"2016-07-08","start_time":"09:00","end_time":"18:00","price":"1295","eventbrite_url":"","batch":"1","no_of_days":"2","venue":"\\r\\n  Cleveland\\r\\n  Airport Marriott 4277 West 150th Street - Cleveland, OH 44135, USA\\r\\n<br>","country_id":"233","city_id":"238","currency_id":"31","instructor_id":"2","status":"1","course_id":"1","uid":"573c6a3925d14","modified":"2016-05-18 21:12:25","created":"2016-05-18 21:12:25"}', '', 1, 1, '2016-05-18 21:12:25', '2016-05-18 21:12:25'),
(118, 'classroom_session_credits', '[{"credit_id":"1","no_of_credits":"14","classroom_session_id":17}]', '', 1, 1, '2016-05-18 21:15:44', '2016-05-18 21:15:44'),
(119, 'classroom_sessions', '{"start_date":"2016-07-12","end_date":"2016-07-13","start_time":"09:00","end_time":"18:00","price":"1295","eventbrite_url":"","batch":"1","no_of_days":"2","venue":"\\r\\n  Penn\\r\\n  State Great Valley University 30 E Swedesford Road Malvern (Philadelphia), PA\\r\\n  19355 United States\\r\\n<br>","country_id":"233","city_id":"410","currency_id":"31","instructor_id":"1","status":"1","course_id":"1","uid":"573c6b00dc7ac","modified":"2016-05-18 21:15:44","created":"2016-05-18 21:15:44"}', '', 1, 1, '2016-05-18 21:15:44', '2016-05-18 21:15:44'),
(120, 'classroom_session_credits', '[{"credit_id":"1","no_of_credits":"14","classroom_session_id":18}]', '', 1, 1, '2016-05-18 21:17:51', '2016-05-18 21:17:51'),
(121, 'classroom_sessions', '{"start_date":"2016-07-18","end_date":"2016-07-19","start_time":"09:00","end_time":"18:00","price":"1295","eventbrite_url":"","batch":"1","no_of_days":"2","venue":"\\r\\n  SEAPORT\\r\\n  HOTEL & SEAPORT WORLD TRADE CENTER 200 Seaport Boulevard, Suite 500 |\\r\\n  Boston, MA Boston, MA, United States 02210\\r\\n<br>","country_id":"233","city_id":"226","currency_id":"31","instructor_id":"5","status":"1","course_id":"1","uid":"573c6b7fd2e2b","modified":"2016-05-18 21:17:51","created":"2016-05-18 21:17:51"}', '', 1, 1, '2016-05-18 21:17:51', '2016-05-18 21:17:51'),
(122, 'classroom_session_credits', '[{"credit_id":"1","no_of_credits":"14","classroom_session_id":19}]', '', 1, 1, '2016-05-18 21:20:49', '2016-05-18 21:20:49'),
(123, 'classroom_sessions', '{"start_date":"2016-07-21","end_date":"2016-07-22","start_time":"09:00","end_time":"18:00","price":"1295","eventbrite_url":"","batch":"1","no_of_days":"2","venue":"<span>Microtrain 200 W. Adams St, Suite 410 Chicago, IL Chicago, IL, United States 60606 <br><\\/span><br>","country_id":"233","city_id":"235","currency_id":"31","instructor_id":"3","status":"1","course_id":"1","uid":"573c6c311220b","modified":"2016-05-18 21:20:49","created":"2016-05-18 21:20:49"}', '', 1, 1, '2016-05-18 21:20:49', '2016-05-18 21:20:49'),
(124, 'classroom_session_credits', '[{"credit_id":"1","no_of_credits":"14","classroom_session_id":20}]', '', 1, 1, '2016-05-18 21:36:58', '2016-05-18 21:36:58'),
(125, 'classroom_sessions', '{"start_date":"2016-07-28","end_date":"2016-07-29","start_time":"09:00","end_time":"18:00","price":"1295","eventbrite_url":"","batch":"1","no_of_days":"2","venue":"\\r\\n  Fairfield\\r\\n  Inn Salt Lake City Airport 230 North Admiral Byrd Road Salt Lake City, UT\\r\\n  84116 United States\\r\\n<br>","country_id":"233","city_id":"353","currency_id":"31","instructor_id":"2","status":"1","course_id":"1","uid":"573c6ffa2df08","modified":"2016-05-18 21:36:58","created":"2016-05-18 21:36:58"}', '', 1, 1, '2016-05-18 21:36:58', '2016-05-18 21:36:58'),
(126, 'classroom_session_credits', '[{"credit_id":"1","no_of_credits":"14","classroom_session_id":21}]', '', 1, 1, '2016-05-18 21:38:36', '2016-05-18 21:38:36'),
(127, 'classroom_sessions', '{"start_date":"2016-08-01","end_date":"2016-08-02","start_time":"09:00","end_time":"18:00","price":"1295","eventbrite_url":"","batch":"1","no_of_days":"2","venue":"\\r\\n  Loyola\\r\\n  College Graduate Center 8890 McGaw Rd. Columbia, MD 21045 United States\\r\\n<br>","country_id":"233","city_id":"240","currency_id":"31","instructor_id":"2","status":"1","course_id":"1","uid":"573c705c9ca0b","modified":"2016-05-18 21:38:36","created":"2016-05-18 21:38:36"}', '', 1, 1, '2016-05-18 21:38:36', '2016-05-18 21:38:36'),
(128, 'classroom_session_credits', '[{"credit_id":"1","no_of_credits":"14","classroom_session_id":22}]', '', 1, 1, '2016-05-18 21:41:09', '2016-05-18 21:41:09'),
(129, 'classroom_sessions', '{"start_date":"2016-08-08","end_date":"2016-08-09","start_time":"09:00","end_time":"06:00","price":"1295","eventbrite_url":"","batch":"1","no_of_days":"2","venue":"\\r\\n  Courtyard\\r\\n  by Marriott San Jose North\\/Silicon Valley 111 Holger Way San Jose, Ca 95134\\r\\n<br>","country_id":"233","city_id":"357","currency_id":"31","instructor_id":"2","status":"1","course_id":"1","uid":"573c70f56cf04","modified":"2016-05-18 21:41:09","created":"2016-05-18 21:41:09"}', '', 1, 1, '2016-05-18 21:41:09', '2016-05-18 21:41:09'),
(130, 'cities', '{"name":"Columbus-OH","slug":"columbus","state":"Ohio","country_id":"233","timezone_id":"65","status":"1"}', '{"id":"241","name":"Columbus-OH","state":"Ohio","match_name":"Columbus","slug":"columbus","country_id":"233","timezone_id":"0","status":"0","country":"United States"}', 2, 1, '2016-05-18 21:41:54', '2016-05-18 21:41:54'),
(131, 'classroom_session_credits', '[{"credit_id":"1","no_of_credits":"14","classroom_session_id":23}]', '', 1, 1, '2016-05-18 21:43:38', '2016-05-18 21:43:38'),
(132, 'classroom_sessions', '{"start_date":"2016-08-08","end_date":"2016-08-09","start_time":"09:00","end_time":"18:00","price":"1295","eventbrite_url":"","batch":"1","no_of_days":"2","venue":"\\r\\n  Rev1\\r\\n  Ventures - Columbus, OH 1275 Kinnear Rd Columbus, OH 43212 United States\\r\\n<br>","country_id":"233","city_id":"241","currency_id":"31","instructor_id":"5","status":"1","course_id":"1","uid":"573c718a40909","modified":"2016-05-18 21:43:38","created":"2016-05-18 21:43:38"}', '', 1, 1, '2016-05-18 21:43:38', '2016-05-18 21:43:38'),
(133, 'classroom_session_credits', '[{"credit_id":"1","no_of_credits":"14","classroom_session_id":24}]', '', 1, 1, '2016-05-18 21:45:19', '2016-05-18 21:45:19'),
(134, 'classroom_sessions', '{"start_date":"2016-08-18","end_date":"2016-08-19","start_time":"09:00","end_time":"18:00","price":"1295","eventbrite_url":"","batch":"1","no_of_days":"2","venue":"\\r\\n  Wingate\\r\\n  by Wyndham Atlanta\\/Buckhead 3600 Piedmont Road, N.E. Atlanta, GA Atlanta, GA,\\r\\n  United States 30305\\r\\n<br>","country_id":"233","city_id":"215","currency_id":"31","instructor_id":"5","status":"1","course_id":"1","uid":"573c71ef1edf8","modified":"2016-05-18 21:45:19","created":"2016-05-18 21:45:19"}', '', 1, 1, '2016-05-18 21:45:19', '2016-05-18 21:45:19'),
(135, 'classroom_session_credits', '[{"credit_id":"1","no_of_credits":"14","classroom_session_id":25}]', '', 1, 1, '2016-05-18 21:47:15', '2016-05-18 21:47:15'),
(136, 'classroom_sessions', '{"start_date":"2016-09-08","end_date":"2016-09-09","start_time":"09:00","end_time":"18:00","price":"1295","eventbrite_url":"","batch":"1","no_of_days":"2","venue":"\\r\\n  Hampton\\r\\n  Inn And Suites Houston I-10 Central 5820 Katy Freeway Houston, TX 77007\\r\\n  United States\\r\\n<br>","country_id":"233","city_id":"278","currency_id":"31","instructor_id":"5","status":"1","course_id":"1","uid":"573c7263c3b2a","modified":"2016-05-18 21:47:15","created":"2016-05-18 21:47:15"}', '', 1, 1, '2016-05-18 21:47:15', '2016-05-18 21:47:15'),
(137, 'classroom_session_credits', '[{"credit_id":"1","no_of_credits":"14","classroom_session_id":26}]', '', 1, 1, '2016-05-18 21:50:51', '2016-05-18 21:50:51'),
(138, 'classroom_sessions', '{"start_date":"2016-09-13","end_date":"2016-09-14","start_time":"09:00","end_time":"18:00","price":"1295","eventbrite_url":"","batch":"1","no_of_days":"2","venue":"\\r\\n  MicroTek\\r\\n  - Cincinnati 4675 Cornell Road Suite 175 Cincinnati, OH 45241 United States\\r\\n<br>","country_id":"233","city_id":"237","currency_id":"31","instructor_id":"2","status":"1","course_id":"1","uid":"573c733b927d9","modified":"2016-05-18 21:50:51","created":"2016-05-18 21:50:51"}', '', 1, 1, '2016-05-18 21:50:51', '2016-05-18 21:50:51'),
(139, 'classroom_session_credits', '[{"credit_id":"1","no_of_credits":"14","classroom_session_id":27}]', '', 1, 1, '2016-05-18 21:53:36', '2016-05-18 21:53:36'),
(140, 'classroom_sessions', '{"start_date":"2016-09-19","end_date":"2016-09-20","start_time":"09:00","end_time":"18:00","price":"1295","eventbrite_url":"","batch":"1","no_of_days":"2","venue":"\\r\\n  Chaparral\\r\\n  Suites Scottsdale 5001 North Scottsdale Road Scottsdale, AZ 85250 United\\r\\n  States\\r\\n<br>","country_id":"233","city_id":"319","currency_id":"31","instructor_id":"2","status":"1","course_id":"1","uid":"573c73e048798","modified":"2016-05-18 21:53:36","created":"2016-05-18 21:53:36"}', '', 1, 1, '2016-05-18 21:53:36', '2016-05-18 21:53:36'),
(141, 'classroom_session_credits', '[{"credit_id":"1","no_of_credits":"14","classroom_session_id":28}]', '', 1, 1, '2016-05-18 21:55:11', '2016-05-18 21:55:11'),
(142, 'classroom_sessions', '{"start_date":"2016-09-19","end_date":"2016-09-20","start_time":"09:00","end_time":"18:00","price":"1295","eventbrite_url":"","batch":"1","no_of_days":"2","venue":"\\r\\n  Microtrain\\r\\n  200 W. Adams St, Suite 410 Chicago, IL Chicago, IL, United States 60606\\r\\n<br>","country_id":"233","city_id":"235","currency_id":"31","instructor_id":"3","status":"1","course_id":"1","uid":"573c743f883db","modified":"2016-05-18 21:55:11","created":"2016-05-18 21:55:11"}', '', 1, 1, '2016-05-18 21:55:11', '2016-05-18 21:55:11'),
(143, 'classroom_session_credits', '[{"credit_id":"1","no_of_credits":"14","classroom_session_id":"19"}]', '', 1, 1, '2016-05-20 20:31:17', '2016-05-20 20:31:17'),
(144, 'classroom_sessions', '{"start_date":"2016-07-21","end_date":"2016-07-22","start_time":"09:00","end_time":"18:00","price":"1295.00","eventbrite_url":"","batch":"1","no_of_days":"2","venue":"Microtrain 200 W. Adams St, Suite 410 Chicago, IL Chicago, IL, United States 60606<br>","country_id":"233","city_id":"235","currency_id":"31","instructor_id":"3","dates":[{"date":"2016-07-21","start_time":"09:00 am","end_time":"06:00 pm"},{"date":"2016-07-22","start_time":"09:00 am","end_time":"06:00 pm"}],"credits":[{"credit_id":"1","no_of_credits":"14"}],"offers":[{"name":"Early Bird Price","price":"1195.00","start_date":"2016-05-18","end_date":"2016-07-06"}],"status":"1"}', '{"id":"19","uid":"573c6c311220b","start_date":"2016-07-21","end_date":"2016-07-22","start_time":"09:00:00","end_time":"18:00:00","price":"1295.00","eventbrite_url":"","no_of_days":"2","batch":"1","venue":"<span>Microtrain 200 W. Adams St, Suite 410 Chicago, IL Chicago, IL, United States 60606 <br><\\/span><br>","country_id":"233","city_id":"235","currency_id":"31","instructor_id":"3","course_id":"1","status":"1","created":"2016-05-18 21:20:49","modified":"2016-05-18 21:20:49","instructor":"Timothy","country":"United States","city":"Chicago-IL","currency":"USD"}', 1, 1, '2016-05-20 20:31:17', '2016-05-20 20:31:17'),
(145, 'classroom_session_credits', '[{"credit_id":"1","no_of_credits":"14","classroom_session_id":"4"}]', '', 1, 1, '2016-05-21 13:03:56', '2016-05-21 13:03:56'),
(146, 'classroom_sessions', '{"start_date":"2016-05-26","end_date":"2016-05-27","start_time":"09:00","end_time":"18:00","price":"1295.00","eventbrite_url":"https:\\/\\/www.eventbrite.com\\/e\\/certified-scrum-master-training-csm-in-chicago-il-united-states-tickets-24768121117?aff=ebrowse#tickets","batch":"1","no_of_days":"2","venue":"Microtrain\\r\\n  200 W. Adams St, Suite 410 Chicago, IL Chicago, IL, United States 60606.","country_id":"233","city_id":"235","currency_id":"31","instructor_id":"2","dates":[{"date":"2016-05-26","start_time":"09:00 am","end_time":"06:00 pm"},{"date":"2016-05-27","start_time":"09:00 am","end_time":"06:00 pm"}],"credits":[{"credit_id":"1","no_of_credits":"14"}],"offers":[{"name":"Early Bird Price","price":"1195.00","start_date":"2016-05-18","end_date":"2016-05-19"}],"status":"1"}', '{"id":"4","uid":"573c224c4a013","start_date":"2016-05-26","end_date":"2016-05-27","start_time":"09:00:00","end_time":"18:00:00","price":"1295.00","eventbrite_url":"https:\\/\\/www.eventbrite.com\\/e\\/certified-scrum-master-training-csm-in-chicago-il-united-states-tickets-24768121117?aff=ebrowse#tickets","no_of_days":"2","batch":"1","venue":"Microtrain\\r\\n  200 W. Adams St, Suite 410 Chicago, IL Chicago, IL, United States 60606.<br>","country_id":"233","city_id":"235","currency_id":"31","instructor_id":"2","course_id":"1","status":"1","created":"2016-05-18 16:05:32","modified":"2016-05-18 18:50:01","instructor":"Steve","country":"United States","city":"Chicago-IL","currency":"USD"}', 1, 1, '2016-05-21 13:03:56', '2016-05-21 13:03:56'),
(147, 'instructors', '{"first_name":"Marco","last_name":"Mulder","email":"Marco@knowledgehut.com","secondary_email":"","phone":"442035193378","designation":"CST","specializations":["CSM CSPO"],"course_ids":["1"],"country_id":"57","city_id":"73","description":"<span>Marco helps companies to achieve better results by \\r\\nusing Scrum and a wider set of Agile practices. He coaches teams, \\r\\nmanagement, Product Owners and Scrum Masters in their adoption and \\r\\nfurther development of Agile practices. He coached several big companies\\r\\n like Randstad, Ahold and Wehkamp and many smaller companies. Marco is \\r\\npassionate about the use of Scrum to help teams and organisations to \\r\\nachieve higher customer satisfaction, higher productiv<span>ity,\\r\\n better predictability, more flexibility, better quality and more fun \\r\\nand excitement! Marco is a Certified Scrum Trainer (CST) and Certified \\r\\nScrum Coach (CSC). In 1997 he graduated cum laude in Computer Science at\\r\\n the VU University in Amsterdam. His experience with Agile dates back to\\r\\n 2001, when he worked at OTI on Eclipse related projects. <br><\\/span><\\/span><br>","image":"145621478622752_thumnail.jpg","resume":"DOC.doc","slug":"Marco-mulder","popular":0,"learners":"100","status":"1"}', '', 1, 1, '2016-05-21 15:47:00', '2016-05-21 15:47:00'),
(148, 'instructors', '{"first_name":"Iain","last_name":"Mckenna","email":"Iain@knowledgehut.com","secondary_email":"","phone":"442035193378","designation":"CST","specializations":["csm cspo"],"course_ids":["1"],"country_id":"231","city_id":"140","description":"<span>Iain McKenna is an experienced trainer, coach and \\r\\npractitioner who has successfully used Scrum together with other agile \\r\\nand lean frameworks over a number of years both in project recovery and \\r\\ngreenfield projects.  Iain has also been extremely successful in helping\\r\\n many organisations adopt or improve their use of Scrum including United\\r\\n Health, BBC, Cisco and BSkyB.\\r\\n\\r\\nHaving worked with IT for over 30 years, Iain has a wealth of experience\\r\\n ranging from \\r\\noperations, analysis, testing, software engineering, project and \\r\\nprogramme mamagement through to IT Leadership.  Iain has also been a \\r\\ncustomer and user of many software products over the years. This breadth\\r\\n of experience helps Iain to work with teams to build high quality \\r\\nproducts that meet the needs of all stakeholders, often exceeding \\r\\nexpectations through innovation and focus on value and eliminating \\r\\nwaste.<\\/span><br>","image":"142596839917623_thumnail.jpg","resume":"DOC.doc","slug":"Iain-mckenna","popular":0,"learners":"100","status":"1"}', '', 1, 1, '2016-05-21 15:51:37', '2016-05-21 15:51:37'),
(149, 'instructors', '{"first_name":"Zuzana","last_name":"Sochova","email":"Zuzana@knowledgehut.com","secondary_email":"","phone":"","designation":"CST","specializations":["CSM CSPO"],"course_ids":["1"],"country_id":"56","city_id":"61","description":"<span>Zuzana Sochova has over 14 years of commercial \\r\\nexperiences in IT, beginning as a software designer\\/engineer and moving \\r\\nup into project management, program management, and into executive \\r\\nmanagement at a company provides SW services for international customers\\r\\n (USA, Germany, Austria, Great Britain, \\u2026) that operating in mission \\r\\ncritical and life critical sectors \\u2013 i.e. air traffic control management\\r\\n systems, extensive healthcare applications, and pu<span>blic safety systems. <br><br>She\\r\\n started with Agile and Scrum back in 2005, where she was involved in \\r\\nimplementing the Agile methods at Medtronic, USA. From that time, she \\r\\nwas responsible for Agile transformation and implementation of Agile and\\r\\n Scrum to many companies and teams. <br><br>She works as Agile coach, \\r\\nconsultant and trainer for both large and small organizations. She is \\r\\nregular speaker at Agile international conferences. She is also a \\r\\nfounder of the Agile Association (Agilni Asociace, agilniasociace.cz) \\r\\nCzech Republic, organizing the Agile Czech community and annual Agile \\r\\nPrague Conference (agileprague.com).<\\/span><\\/span><br>","image":"144076099520493_thumnail.jpg","resume":"DOC.doc","slug":"Zuzana-Sochova","popular":0,"learners":"100","status":"1"}', '', 1, 1, '2016-05-21 17:35:48', '2016-05-21 17:35:48'),
(150, 'classroom_session_credits', '[{"credit_id":"1","no_of_credits":"14","classroom_session_id":29}]', '', 1, 1, '2016-05-21 17:38:29', '2016-05-21 17:38:29'),
(151, 'classroom_sessions', '{"start_date":"2016-06-27","end_date":"2016-06-28","start_time":"09:00","end_time":"17:00","price":"1499","eventbrite_url":"","batch":"1","no_of_days":"2","venue":"Adina Hotel Checkpoint Charlie Berlin Krausenstra\\u00dfe 35-36 Berlin, 10117 Germany","country_id":"57","city_id":"73","currency_id":"31","instructor_id":"6","status":"1","course_id":"1","uid":"57402c9578a3e","modified":"2016-05-21 17:38:29","created":"2016-05-21 17:38:29"}', '', 1, 1, '2016-05-21 17:38:29', '2016-05-21 17:38:29'),
(152, 'classroom_session_credits', '[{"credit_id":"1","no_of_credits":"14","classroom_session_id":30}]', '', 1, 1, '2016-05-21 17:40:50', '2016-05-21 17:40:50'),
(153, 'classroom_sessions', '{"start_date":"2016-06-20","end_date":"2016-06-21","start_time":"09:00","end_time":"17:00","price":"1199","eventbrite_url":"","batch":"1","no_of_days":"2","venue":"Jurys Inn Parnell street Moore Street Plaza Parnell Street Dublin, Ireland\\r\\n","country_id":"101","city_id":"85","currency_id":"31","instructor_id":"7","status":"1","course_id":"1","uid":"57402d227b93b","modified":"2016-05-21 17:40:50","created":"2016-05-21 17:40:50"}', '', 1, 1, '2016-05-21 17:40:50', '2016-05-21 17:40:50'),
(154, 'classroom_session_credits', '[{"credit_id":"1","no_of_credits":"14","classroom_session_id":31}]', '', 1, 1, '2016-05-21 17:41:58', '2016-05-21 17:41:58'),
(155, 'classroom_sessions', '{"start_date":"2016-06-13","end_date":"2016-06-14","start_time":"09:00","end_time":"17:00","price":"950","eventbrite_url":"","batch":"1","no_of_days":"2","venue":"WallaceSpaces St Pancras 22 Dukes Road London, WC1H 9PN United Kingdom\\r\\n\\r\\n","country_id":"231","city_id":"140","currency_id":"31","instructor_id":"7","status":"1","course_id":"1","uid":"57402d66c13e7","modified":"2016-05-21 17:41:58","created":"2016-05-21 17:41:58"}', '', 1, 1, '2016-05-21 17:41:58', '2016-05-21 17:41:58'),
(156, 'classroom_session_credits', '[{"credit_id":"1","no_of_credits":"14","classroom_session_id":32}]', '', 1, 1, '2016-05-21 17:43:18', '2016-05-21 17:43:18'),
(157, 'classroom_sessions', '{"start_date":"2016-08-15","end_date":"2016-08-16","start_time":"09:00","end_time":"17:00","price":"1199","eventbrite_url":"","batch":"1","no_of_days":"2","venue":"DoubleTree by Hilton Hotel Dublin Burlington Road,Upper Leeson Street, Dublin, Ireland\\r\\n\\r\\n\\r\\n","country_id":"101","city_id":"85","currency_id":"31","instructor_id":"8","status":"1","course_id":"1","uid":"57402db69c9f6","modified":"2016-05-21 17:43:18","created":"2016-05-21 17:43:18"}', '', 1, 1, '2016-05-21 17:43:18', '2016-05-21 17:43:18');
INSERT INTO `user_logs` (`id`, `table`, `new_content`, `old_content`, `operation`, `user_id`, `created`, `modified`) VALUES
(158, 'classroom_session_credits', '[{"credit_id":"1","no_of_credits":"14","classroom_session_id":33}]', '', 1, 1, '2016-05-21 17:44:46', '2016-05-21 17:44:46'),
(159, 'classroom_sessions', '{"start_date":"2016-09-12","end_date":"2016-09-13","start_time":"09:00","end_time":"17:00","price":"1199.00","eventbrite_url":"","batch":"1","no_of_days":"2","venue":"Jurys Inn Parnell street Moore Street Plaza Parnell Street Dublin, Ireland\\r\\n\\r\\n\\r\\n","country_id":"101","city_id":"85","currency_id":"31","instructor_id":"7","status":"1","course_id":"1","uid":"57402e0ec43ae","modified":"2016-05-21 17:44:46","created":"2016-05-21 17:44:46"}', '', 1, 1, '2016-05-21 17:44:46', '2016-05-21 17:44:46'),
(160, 'classroom_session_credits', '[{"credit_id":"1","no_of_credits":"14","classroom_session_id":34}]', '', 1, 1, '2016-05-21 17:45:48', '2016-05-21 17:45:48'),
(161, 'classroom_sessions', '{"start_date":"2016-09-19","end_date":"2016-09-20","start_time":"09:00","end_time":"17:00","price":"950","eventbrite_url":"","batch":"1","no_of_days":"2","venue":"WallaceSpaces St Pancras 22 Dukes Road London, WC1H 9PN United Kingdom\\r\\n\\r\\n\\r\\n","country_id":"231","city_id":"140","currency_id":"31","instructor_id":"7","status":"1","course_id":"1","uid":"57402e4c91f6b","modified":"2016-05-21 17:45:48","created":"2016-05-21 17:45:48"}', '', 1, 1, '2016-05-21 17:45:48', '2016-05-21 17:45:48'),
(162, 'classroom_session_credits', '[{"credit_id":"1","no_of_credits":"14","classroom_session_id":35}]', '', 1, 1, '2016-05-21 17:47:08', '2016-05-21 17:47:08'),
(163, 'classroom_sessions', '{"start_date":"2016-10-10","end_date":"2016-10-11","start_time":"09:00","end_time":"17:00","price":"1499","eventbrite_url":"","batch":"1","no_of_days":"2","venue":"Adina Hotel Checkpoint Charlie Berlin Krausenstra\\u00dfe 35-36 Berlin, 10117 Germany\\r\\n\\r\\n\\r\\n","country_id":"57","city_id":"73","currency_id":"31","instructor_id":"6","status":"1","course_id":"1","uid":"57402e9ca6997","modified":"2016-05-21 17:47:08","created":"2016-05-21 17:47:08"}', '', 1, 1, '2016-05-21 17:47:08', '2016-05-21 17:47:08'),
(164, 'classroom_session_credits', '[{"credit_id":"1","no_of_credits":"14","classroom_session_id":36}]', '', 1, 1, '2016-05-21 17:49:35', '2016-05-21 17:49:35'),
(165, 'classroom_sessions', '{"start_date":"2016-10-17","end_date":"2016-10-18","start_time":"09:00","end_time":"17:00","price":"1199","eventbrite_url":"","batch":"1","no_of_days":"2","venue":"Jurys Inn Parnell street Moore Street Plaza Parnell Street Dublin, Ireland\\r\\n\\r\\n\\r\\n\\r\\n","country_id":"101","city_id":"85","currency_id":"31","instructor_id":"7","status":"1","course_id":"1","uid":"57402f2fb81e3","modified":"2016-05-21 17:49:35","created":"2016-05-21 17:49:35"}', '', 1, 1, '2016-05-21 17:49:35', '2016-05-21 17:49:35'),
(166, 'classroom_session_credits', '[{"credit_id":"1","no_of_credits":"14","classroom_session_id":37}]', '', 1, 1, '2016-05-21 17:51:03', '2016-05-21 17:51:03'),
(167, 'classroom_sessions', '{"start_date":"2016-10-10","end_date":"2016-10-11","start_time":"09:00","end_time":"17:00","price":"950","eventbrite_url":"","batch":"1","no_of_days":"2","venue":"WallaceSpaces St Pancras 22 Dukes Road London, WC1H 9PN United Kingdom\\r\\n\\r\\n\\r\\n\\r\\n","country_id":"231","city_id":"140","currency_id":"31","instructor_id":"7","status":"1","course_id":"1","uid":"57402f87af6a8","modified":"2016-05-21 17:51:03","created":"2016-05-21 17:51:03"}', '', 1, 1, '2016-05-21 17:51:03', '2016-05-21 17:51:03'),
(168, 'classroom_session_credits', '[{"credit_id":"1","no_of_credits":"14","classroom_session_id":38}]', '', 1, 1, '2016-05-21 17:53:03', '2016-05-21 17:53:03'),
(169, 'classroom_sessions', '{"start_date":"2016-11-09","end_date":"2016-11-10","start_time":"09:00","end_time":"17:00","price":"1199","eventbrite_url":"","batch":"1","no_of_days":"2","venue":"DoubleTree by Hilton Hotel Dublin Burlington Road,Upper Leeson Street, Dublin, Ireland\\r\\n\\r\\n\\r\\n","country_id":"101","city_id":"85","currency_id":"31","instructor_id":"2","status":"1","course_id":"1","uid":"57402fff6d7ac","modified":"2016-05-21 17:53:03","created":"2016-05-21 17:53:03"}', '', 1, 1, '2016-05-21 17:53:03', '2016-05-21 17:53:03'),
(170, 'classroom_session_credits', '[{"credit_id":"1","no_of_credits":"14","classroom_session_id":39}]', '', 1, 1, '2016-05-21 18:32:13', '2016-05-21 18:32:13'),
(171, 'classroom_sessions', '{"start_date":"2016-11-09","end_date":"2016-11-10","start_time":"09:00","end_time":"17:00","price":"1199.00","eventbrite_url":"","batch":"1","no_of_days":"2","venue":"DoubleTree by Hilton Hotel Dublin Burlington Road,Upper Leeson Street, Dublin, Ireland\\r\\n\\r\\n\\r\\n","country_id":"101","city_id":"85","currency_id":"31","instructor_id":"2","status":"1","course_id":"1","uid":"5740392d73a7e","modified":"2016-05-21 18:32:13","created":"2016-05-21 18:32:13"}', '', 1, 1, '2016-05-21 18:32:13', '2016-05-21 18:32:13'),
(172, 'classroom_session_credits', '[{"credit_id":"1","no_of_credits":"14","classroom_session_id":40}]', '', 1, 1, '2016-05-21 18:34:56', '2016-05-21 18:34:56'),
(173, 'classroom_sessions', '{"start_date":"2016-11-14","end_date":"2016-11-15","start_time":"09:00","end_time":"17:00","price":"1199.00","eventbrite_url":"","batch":"1","no_of_days":"2","venue":"Jurys Inn Parnell street Moore Street Plaza Parnell Street Dublin, Ireland\\r\\n\\r\\n\\r\\n","country_id":"101","city_id":"85","currency_id":"31","instructor_id":"7","status":"1","course_id":"1","uid":"574039d0dfffa","modified":"2016-05-21 18:34:56","created":"2016-05-21 18:34:56"}', '', 1, 1, '2016-05-21 18:34:56', '2016-05-21 18:34:56'),
(174, 'classroom_session_credits', '[{"credit_id":"1","no_of_credits":"14","classroom_session_id":41}]', '', 1, 1, '2016-05-21 18:39:27', '2016-05-21 18:39:27'),
(175, 'classroom_sessions', '{"start_date":"2016-12-05","end_date":"2016-12-06","start_time":"09:00","end_time":"17:00","price":"1499","eventbrite_url":"","batch":"1","no_of_days":"2","venue":"Adina Hotel Checkpoint Charlie Berlin Krausenstra\\u00dfe 35-36 Berlin, 10117 Germany\\r\\n\\r\\n\\r\\n","country_id":"57","city_id":"73","currency_id":"31","instructor_id":"6","status":"1","course_id":"1","uid":"57403adf6bbd4","modified":"2016-05-21 18:39:27","created":"2016-05-21 18:39:27"}', '', 1, 1, '2016-05-21 18:39:27', '2016-05-21 18:39:27'),
(176, 'classroom_session_credits', '[{"credit_id":"1","no_of_credits":"14","classroom_session_id":42}]', '', 1, 1, '2016-05-21 18:41:06', '2016-05-21 18:41:06'),
(177, 'classroom_sessions', '{"start_date":"2016-12-05","end_date":"2016-12-06","start_time":"09:00","end_time":"17:00","price":"1199","eventbrite_url":"","batch":"1","no_of_days":"2","venue":"Jurys Inn Parnell street Moore Street Plaza Parnell Street Dublin, Ireland\\r\\n\\r\\n\\r\\n","country_id":"101","city_id":"85","currency_id":"31","instructor_id":"7","status":"1","course_id":"1","uid":"57403b4289784","modified":"2016-05-21 18:41:06","created":"2016-05-21 18:41:06"}', '', 1, 1, '2016-05-21 18:41:06', '2016-05-21 18:41:06'),
(178, 'classroom_sessions', 'deleted', '{"id":"38","uid":"57402fff6d7ac","start_date":"2016-11-09","end_date":"2016-11-10","start_time":"09:00:00","end_time":"17:00:00","price":"1199.00","eventbrite_url":"","no_of_days":"2","batch":"1","venue":"DoubleTree by Hilton Hotel Dublin Burlington Road,Upper Leeson Street, Dublin, Ireland\\r\\n\\r\\n\\r\\n","country_id":"101","city_id":"85","currency_id":"31","instructor_id":"2","course_id":"1","status":"1","created":"2016-05-21 17:53:03","modified":"2016-05-21 17:53:03","instructor":"Steve","country":"Ireland","city":"Dublin","currency":"USD"}', 3, 1, '2016-05-21 18:44:55', '2016-05-21 18:44:55'),
(179, 'currencies', '{"name":"EUR","status":"1","slug":"eur"}', '{"id":"12","name":"EUR","slug":"eur","status":"0"}', 2, 1, '2016-05-21 19:03:58', '2016-05-21 19:03:58'),
(180, 'currencies', '{"name":"GBP","status":"1","slug":"gbp"}', '{"id":"13","name":"GBP","slug":"gbp","status":"0"}', 2, 1, '2016-05-21 19:04:13', '2016-05-21 19:04:13'),
(181, 'countries', '{"name":"Ireland","service_tax":"0.00","slug":"ireland","currency_id":"12","continent_id":"2","code":"IE","isd":"+353","status":"1"}', '{"id":"101","name":"Ireland","isd":"+353","service_tax":"0.00","code":"IE","alpha3_code":"IRL","numeric_code":"372","slug":"ireland","continent_id":"2","currency_id":"31","status":"1","continent":"Europe","currency":"USD"}', 2, 1, '2016-05-21 19:05:02', '2016-05-21 19:05:02'),
(182, 'countries', '{"name":"United Kingdom","service_tax":"170.00","slug":"united-kingdom","currency_id":"13","continent_id":"2","code":"UK","isd":"+44","status":"1"}', '{"id":"231","name":"United Kingdom","isd":"+44","service_tax":"0.00","code":"UK","alpha3_code":"GBR","numeric_code":"826","slug":"united-kingdom","continent_id":"2","currency_id":"31","status":"1","continent":"Europe","currency":"USD"}', 2, 1, '2016-05-21 19:06:45', '2016-05-21 19:06:45'),
(183, 'classroom_session_credits', '[{"credit_id":"1","no_of_credits":"14","classroom_session_id":"31"}]', '', 1, 1, '2016-05-21 19:09:26', '2016-05-21 19:09:26'),
(184, 'classroom_sessions', '{"start_date":"2016-06-13","end_date":"2016-06-14","start_time":"09:00","end_time":"17:00","price":"950.00","eventbrite_url":"","batch":"1","no_of_days":"2","venue":"WallaceSpaces St Pancras 22 Dukes Road London, WC1H 9PN United Kingdom\\r\\n\\r\\n","country_id":"231","city_id":"140","currency_id":"13","instructor_id":"7","dates":[{"date":"2016-06-13","start_time":"09:00 am","end_time":"05:00 pm"},{"date":"2016-06-14","start_time":"09:00 am","end_time":"05:00 pm"}],"credits":[{"credit_id":"1","no_of_credits":"14"}],"offers":[],"status":"1"}', '{"id":"31","uid":"57402d66c13e7","start_date":"2016-06-13","end_date":"2016-06-14","start_time":"09:00:00","end_time":"17:00:00","price":"950.00","eventbrite_url":"","no_of_days":"2","batch":"1","venue":"WallaceSpaces St Pancras 22 Dukes Road London, WC1H 9PN United Kingdom\\r\\n\\r\\n","country_id":"231","city_id":"140","currency_id":"31","instructor_id":"7","course_id":"1","status":"1","created":"2016-05-21 17:41:58","modified":"2016-05-21 17:41:58","instructor":"Iain","country":"United Kingdom","city":"London","currency":"USD"}', 1, 1, '2016-05-21 19:09:26', '2016-05-21 19:09:26'),
(185, 'classroom_session_credits', '[{"credit_id":"1","no_of_credits":"14","classroom_session_id":"34"}]', '', 1, 1, '2016-05-21 19:09:31', '2016-05-21 19:09:31'),
(186, 'classroom_sessions', '{"start_date":"2016-09-19","end_date":"2016-09-20","start_time":"09:00","end_time":"17:00","price":"950.00","eventbrite_url":"","batch":"1","no_of_days":"2","venue":"WallaceSpaces St Pancras 22 Dukes Road London, WC1H 9PN United Kingdom\\r\\n\\r\\n\\r\\n","country_id":"231","city_id":"140","currency_id":"13","instructor_id":"7","dates":[{"date":"2016-09-19","start_time":"09:00 am","end_time":"05:00 pm"},{"date":"2016-09-20","start_time":"09:00 am","end_time":"05:00 pm"}],"credits":[{"credit_id":"1","no_of_credits":"14"}],"offers":[{"name":"Early Bird Registration","price":"850.00","start_date":"2016-05-21","end_date":"2016-08-23"}],"status":"1"}', '{"id":"34","uid":"57402e4c91f6b","start_date":"2016-09-19","end_date":"2016-09-20","start_time":"09:00:00","end_time":"17:00:00","price":"950.00","eventbrite_url":"","no_of_days":"2","batch":"1","venue":"WallaceSpaces St Pancras 22 Dukes Road London, WC1H 9PN United Kingdom\\r\\n\\r\\n\\r\\n","country_id":"231","city_id":"140","currency_id":"31","instructor_id":"7","course_id":"1","status":"1","created":"2016-05-21 17:45:48","modified":"2016-05-21 17:45:48","instructor":"Iain","country":"United Kingdom","city":"London","currency":"USD"}', 1, 1, '2016-05-21 19:09:31', '2016-05-21 19:09:31'),
(187, 'classroom_session_credits', '[{"credit_id":"1","no_of_credits":"14","classroom_session_id":"37"}]', '', 1, 1, '2016-05-21 19:09:34', '2016-05-21 19:09:34'),
(188, 'classroom_sessions', '{"start_date":"2016-10-10","end_date":"2016-10-11","start_time":"09:00","end_time":"17:00","price":"950.00","eventbrite_url":"","batch":"1","no_of_days":"2","venue":"WallaceSpaces St Pancras 22 Dukes Road London, WC1H 9PN United Kingdom\\r\\n\\r\\n\\r\\n\\r\\n","country_id":"231","city_id":"140","currency_id":"13","instructor_id":"7","dates":[{"date":"2016-10-10","start_time":"09:00 am","end_time":"05:00 pm"},{"date":"2016-10-11","start_time":"09:00 am","end_time":"05:00 pm"}],"credits":[{"credit_id":"1","no_of_credits":"14"}],"offers":[{"name":"Early Bird Registration","price":"850.00","start_date":"2016-05-21","end_date":"2016-09-13"}],"status":"1"}', '{"id":"37","uid":"57402f87af6a8","start_date":"2016-10-10","end_date":"2016-10-11","start_time":"09:00:00","end_time":"17:00:00","price":"950.00","eventbrite_url":"","no_of_days":"2","batch":"1","venue":"WallaceSpaces St Pancras 22 Dukes Road London, WC1H 9PN United Kingdom\\r\\n\\r\\n\\r\\n\\r\\n","country_id":"231","city_id":"140","currency_id":"31","instructor_id":"7","course_id":"1","status":"1","created":"2016-05-21 17:51:03","modified":"2016-05-21 17:51:03","instructor":"Iain","country":"United Kingdom","city":"London","currency":"USD"}', 1, 1, '2016-05-21 19:09:34', '2016-05-21 19:09:34'),
(189, 'countries', '{"name":"United Kingdom","service_tax":"20.00","slug":"united-kingdom","currency_id":"13","continent_id":"2","code":"UK","isd":"+44","status":"1"}', '{"id":"231","name":"United Kingdom","isd":"+44","service_tax":"170.00","code":"UK","alpha3_code":"GBR","numeric_code":"826","slug":"united-kingdom","continent_id":"2","currency_id":"13","status":"1","continent":"Europe","currency":"GBP"}', 2, 1, '2016-05-21 19:10:46', '2016-05-21 19:10:46'),
(190, 'classroom_session_credits', '[{"credit_id":"1","no_of_credits":"14","classroom_session_id":"33"}]', '', 1, 1, '2016-05-21 19:14:27', '2016-05-21 19:14:27'),
(191, 'classroom_sessions', '{"start_date":"2016-09-12","end_date":"2016-09-13","start_time":"09:00","end_time":"17:00","price":"1199.00","eventbrite_url":"","batch":"1","no_of_days":"2","venue":"Jurys Inn Parnell street Moore Street Plaza Parnell Street Dublin, Ireland\\r\\n\\r\\n\\r\\n","country_id":"101","city_id":"85","currency_id":"12","instructor_id":"7","dates":[{"date":"2016-09-12","start_time":"09:00 am","end_time":"05:00 pm"},{"date":"2016-09-13","start_time":"09:00 am","end_time":"05:00 pm"}],"credits":[{"credit_id":"1","no_of_credits":"14"}],"offers":[{"name":"Early Bird Registration","price":"999.00","start_date":"2016-05-21","end_date":"2016-08-16"}],"status":"1"}', '{"id":"33","uid":"57402e0ec43ae","start_date":"2016-09-12","end_date":"2016-09-13","start_time":"09:00:00","end_time":"17:00:00","price":"1199.00","eventbrite_url":"","no_of_days":"2","batch":"1","venue":"Jurys Inn Parnell street Moore Street Plaza Parnell Street Dublin, Ireland\\r\\n\\r\\n\\r\\n","country_id":"101","city_id":"85","currency_id":"31","instructor_id":"7","course_id":"1","status":"1","created":"2016-05-21 17:44:46","modified":"2016-05-21 17:44:46","instructor":"Iain","country":"Ireland","city":"Dublin","currency":"USD"}', 1, 1, '2016-05-21 19:14:27', '2016-05-21 19:14:27'),
(192, 'classroom_session_credits', '[{"credit_id":"1","no_of_credits":"14","classroom_session_id":"32"}]', '', 1, 1, '2016-05-21 19:15:00', '2016-05-21 19:15:00'),
(193, 'classroom_sessions', '{"start_date":"2016-08-15","end_date":"2016-08-16","start_time":"09:00","end_time":"17:00","price":"1199.00","eventbrite_url":"","batch":"1","no_of_days":"2","venue":"DoubleTree by Hilton Hotel Dublin Burlington Road,Upper Leeson Street, Dublin, Ireland\\r\\n\\r\\n\\r\\n","country_id":"101","city_id":"85","currency_id":"12","instructor_id":"8","dates":[{"date":"2016-08-15","start_time":"09:00 am","end_time":"05:00 pm"},{"date":"2016-08-16","start_time":"09:00 am","end_time":"05:00 pm"}],"credits":[{"credit_id":"1","no_of_credits":"14"}],"offers":[{"name":"Early Bird Registration","price":"949","start_date":"2016-05-21","end_date":"2016-07-14"}],"status":"1"}', '{"id":"32","uid":"57402db69c9f6","start_date":"2016-08-15","end_date":"2016-08-16","start_time":"09:00:00","end_time":"17:00:00","price":"1199.00","eventbrite_url":"","no_of_days":"2","batch":"1","venue":"DoubleTree by Hilton Hotel Dublin Burlington Road,Upper Leeson Street, Dublin, Ireland\\r\\n\\r\\n\\r\\n","country_id":"101","city_id":"85","currency_id":"31","instructor_id":"8","course_id":"1","status":"1","created":"2016-05-21 17:43:18","modified":"2016-05-21 17:43:18","instructor":"Zuzana","country":"Ireland","city":"Dublin","currency":"USD"}', 1, 1, '2016-05-21 19:15:00', '2016-05-21 19:15:00'),
(194, 'classroom_session_credits', '[{"credit_id":"1","no_of_credits":"14","classroom_session_id":"30"}]', '', 1, 1, '2016-05-21 19:15:17', '2016-05-21 19:15:17'),
(195, 'classroom_sessions', '{"start_date":"2016-06-20","end_date":"2016-06-21","start_time":"09:00","end_time":"17:00","price":"1199.00","eventbrite_url":"","batch":"1","no_of_days":"2","venue":"Jurys Inn Parnell street Moore Street Plaza Parnell Street Dublin, Ireland\\r\\n","country_id":"101","city_id":"85","currency_id":"12","instructor_id":"7","dates":[{"date":"2016-06-20","start_time":"09:00 am","end_time":"05:00 pm"},{"date":"2016-06-21","start_time":"09:00 am","end_time":"05:00 pm"}],"credits":[{"credit_id":"1","no_of_credits":"14"}],"offers":[{"name":"Early Bird Registration","price":"999.00","start_date":"2016-05-21","end_date":"2016-05-24"}],"status":"1"}', '{"id":"30","uid":"57402d227b93b","start_date":"2016-06-20","end_date":"2016-06-21","start_time":"09:00:00","end_time":"17:00:00","price":"1199.00","eventbrite_url":"","no_of_days":"2","batch":"1","venue":"Jurys Inn Parnell street Moore Street Plaza Parnell Street Dublin, Ireland\\r\\n","country_id":"101","city_id":"85","currency_id":"31","instructor_id":"7","course_id":"1","status":"1","created":"2016-05-21 17:40:50","modified":"2016-05-21 17:40:50","instructor":"Iain","country":"Ireland","city":"Dublin","currency":"USD"}', 1, 1, '2016-05-21 19:15:17', '2016-05-21 19:15:17'),
(196, 'classroom_session_credits', '[{"credit_id":"1","no_of_credits":"14","classroom_session_id":"36"}]', '', 1, 1, '2016-05-21 19:15:21', '2016-05-21 19:15:21'),
(197, 'classroom_sessions', '{"start_date":"2016-10-17","end_date":"2016-10-18","start_time":"09:00","end_time":"17:00","price":"1199.00","eventbrite_url":"","batch":"1","no_of_days":"2","venue":"Jurys Inn Parnell street Moore Street Plaza Parnell Street Dublin, Ireland\\r\\n\\r\\n\\r\\n\\r\\n","country_id":"101","city_id":"85","currency_id":"12","instructor_id":"7","dates":[{"date":"2016-10-17","start_time":"09:00 am","end_time":"05:00 pm"},{"date":"2016-10-18","start_time":"09:00 am","end_time":"05:00 pm"}],"credits":[{"credit_id":"1","no_of_credits":"14"}],"offers":[{"name":"Early Bird Registration","price":"999.00","start_date":"2016-05-21","end_date":"2016-09-20"}],"status":"1"}', '{"id":"36","uid":"57402f2fb81e3","start_date":"2016-10-17","end_date":"2016-10-18","start_time":"09:00:00","end_time":"17:00:00","price":"1199.00","eventbrite_url":"","no_of_days":"2","batch":"1","venue":"Jurys Inn Parnell street Moore Street Plaza Parnell Street Dublin, Ireland\\r\\n\\r\\n\\r\\n\\r\\n","country_id":"101","city_id":"85","currency_id":"31","instructor_id":"7","course_id":"1","status":"1","created":"2016-05-21 17:49:35","modified":"2016-05-21 17:49:35","instructor":"Iain","country":"Ireland","city":"Dublin","currency":"USD"}', 1, 1, '2016-05-21 19:15:21', '2016-05-21 19:15:21'),
(198, 'classroom_session_credits', '[{"credit_id":"1","no_of_credits":"14","classroom_session_id":"39"}]', '', 1, 1, '2016-05-21 19:15:29', '2016-05-21 19:15:29'),
(199, 'classroom_sessions', '{"start_date":"2016-11-09","end_date":"2016-11-10","start_time":"09:00","end_time":"17:00","price":"1199.00","eventbrite_url":"","batch":"1","no_of_days":"2","venue":"DoubleTree by Hilton Hotel Dublin Burlington Road,Upper Leeson Street, Dublin, Ireland\\r\\n\\r\\n\\r\\n","country_id":"101","city_id":"85","currency_id":"12","instructor_id":"2","dates":[{"date":"2016-11-09","start_time":"09:00 am","end_time":"05:00 pm"},{"date":"2016-11-10","start_time":"09:00 am","end_time":"05:00 pm"}],"credits":[{"credit_id":"1","no_of_credits":"14"}],"offers":[{"name":"Early Bird Registration","price":"949.00","start_date":"2016-05-21","end_date":"2016-10-25"}],"status":"1"}', '{"id":"39","uid":"5740392d73a7e","start_date":"2016-11-09","end_date":"2016-11-10","start_time":"09:00:00","end_time":"17:00:00","price":"1199.00","eventbrite_url":"","no_of_days":"2","batch":"1","venue":"DoubleTree by Hilton Hotel Dublin Burlington Road,Upper Leeson Street, Dublin, Ireland\\r\\n\\r\\n\\r\\n","country_id":"101","city_id":"85","currency_id":"31","instructor_id":"2","course_id":"1","status":"1","created":"2016-05-21 18:32:13","modified":"2016-05-21 18:32:13","instructor":"Steve","country":"Ireland","city":"Dublin","currency":"USD"}', 1, 1, '2016-05-21 19:15:29', '2016-05-21 19:15:29'),
(200, 'classroom_session_credits', '[{"credit_id":"1","no_of_credits":"14","classroom_session_id":"40"}]', '', 1, 1, '2016-05-21 19:15:39', '2016-05-21 19:15:39'),
(201, 'classroom_sessions', '{"start_date":"2016-11-14","end_date":"2016-11-15","start_time":"09:00","end_time":"17:00","price":"1199.00","eventbrite_url":"","batch":"1","no_of_days":"2","venue":"Jurys Inn Parnell street Moore Street Plaza Parnell Street Dublin, Ireland\\r\\n\\r\\n\\r\\n","country_id":"101","city_id":"85","currency_id":"12","instructor_id":"7","dates":[{"date":"2016-11-14","start_time":"09:00 am","end_time":"05:00 pm"},{"date":"2016-11-15","start_time":"09:00 am","end_time":"05:00 pm"}],"credits":[{"credit_id":"1","no_of_credits":"14"}],"offers":[{"name":"Early Bird Registration","price":"999","start_date":"2016-05-21","end_date":"2016-10-18"}],"status":"1"}', '{"id":"40","uid":"574039d0dfffa","start_date":"2016-11-14","end_date":"2016-11-15","start_time":"09:00:00","end_time":"17:00:00","price":"1199.00","eventbrite_url":"","no_of_days":"2","batch":"1","venue":"Jurys Inn Parnell street Moore Street Plaza Parnell Street Dublin, Ireland\\r\\n\\r\\n\\r\\n","country_id":"101","city_id":"85","currency_id":"31","instructor_id":"7","course_id":"1","status":"1","created":"2016-05-21 18:34:56","modified":"2016-05-21 18:34:56","instructor":"Iain","country":"Ireland","city":"Dublin","currency":"USD"}', 1, 1, '2016-05-21 19:15:39', '2016-05-21 19:15:39'),
(202, 'classroom_session_credits', '[{"credit_id":"1","no_of_credits":"14","classroom_session_id":"42"}]', '', 1, 1, '2016-05-21 19:15:45', '2016-05-21 19:15:45'),
(203, 'classroom_sessions', '{"start_date":"2016-12-05","end_date":"2016-12-06","start_time":"09:00","end_time":"17:00","price":"1199.00","eventbrite_url":"","batch":"1","no_of_days":"2","venue":"Jurys Inn Parnell street Moore Street Plaza Parnell Street Dublin, Ireland\\r\\n\\r\\n\\r\\n","country_id":"101","city_id":"85","currency_id":"12","instructor_id":"7","dates":[{"date":"2016-12-05","start_time":"09:00 am","end_time":"05:00 pm"},{"date":"2016-12-06","start_time":"09:00 am","end_time":"05:00 pm"}],"credits":[{"credit_id":"1","no_of_credits":"14"}],"offers":[{"name":"Early Bird Registration","price":"999.00","start_date":"2016-05-21","end_date":"2016-11-08"}],"status":"1"}', '{"id":"42","uid":"57403b4289784","start_date":"2016-12-05","end_date":"2016-12-06","start_time":"09:00:00","end_time":"17:00:00","price":"1199.00","eventbrite_url":"","no_of_days":"2","batch":"1","venue":"Jurys Inn Parnell street Moore Street Plaza Parnell Street Dublin, Ireland\\r\\n\\r\\n\\r\\n","country_id":"101","city_id":"85","currency_id":"31","instructor_id":"7","course_id":"1","status":"1","created":"2016-05-21 18:41:06","modified":"2016-05-21 18:41:06","instructor":"Iain","country":"Ireland","city":"Dublin","currency":"USD"}', 1, 1, '2016-05-21 19:15:45', '2016-05-21 19:15:45'),
(204, 'countries', '{"name":"Germany","service_tax":"0.00","slug":"germany","currency_id":"12","continent_id":"2","code":"DE","isd":"+49","status":"1"}', '{"id":"57","name":"Germany","isd":"+49","service_tax":"0.00","code":"DE","alpha3_code":"DEU","numeric_code":"276","slug":"germany","continent_id":"2","currency_id":"31","status":"1","continent":"Europe","currency":"USD"}', 2, 1, '2016-05-21 19:17:11', '2016-05-21 19:17:11'),
(205, 'classroom_session_credits', '[{"credit_id":"1","no_of_credits":"14","classroom_session_id":"29"}]', '', 1, 1, '2016-05-21 19:17:31', '2016-05-21 19:17:31'),
(206, 'classroom_sessions', '{"start_date":"2016-06-27","end_date":"2016-06-28","start_time":"09:00","end_time":"17:00","price":"1499.00","eventbrite_url":"","batch":"1","no_of_days":"2","venue":"Adina Hotel Checkpoint Charlie Berlin Krausenstra\\u00dfe 35-36 Berlin, 10117 Germany","country_id":"57","city_id":"73","currency_id":"12","instructor_id":"6","dates":[{"date":"2016-06-27","start_time":"09:00 am","end_time":"05:00 pm"},{"date":"2016-06-28","start_time":"09:00 am","end_time":"05:00 pm"}],"credits":[{"credit_id":"1","no_of_credits":"14"}],"offers":[{"name":"Early Bird Registration","price":"1249.00","start_date":"2016-05-21","end_date":"2016-06-14"}],"status":"1"}', '{"id":"29","uid":"57402c9578a3e","start_date":"2016-06-27","end_date":"2016-06-28","start_time":"09:00:00","end_time":"17:00:00","price":"1499.00","eventbrite_url":"","no_of_days":"2","batch":"1","venue":"Adina Hotel Checkpoint Charlie Berlin Krausenstra\\u00dfe 35-36 Berlin, 10117 Germany","country_id":"57","city_id":"73","currency_id":"31","instructor_id":"6","course_id":"1","status":"1","created":"2016-05-21 17:38:29","modified":"2016-05-21 17:38:29","instructor":"Marco","country":"Germany","city":"Berlin","currency":"USD"}', 1, 1, '2016-05-21 19:17:31', '2016-05-21 19:17:31'),
(207, 'classroom_session_credits', '[{"credit_id":"1","no_of_credits":"14","classroom_session_id":"35"}]', '', 1, 1, '2016-05-21 19:17:35', '2016-05-21 19:17:35'),
(208, 'classroom_sessions', '{"start_date":"2016-10-10","end_date":"2016-10-11","start_time":"09:00","end_time":"17:00","price":"1499.00","eventbrite_url":"","batch":"1","no_of_days":"2","venue":"Adina Hotel Checkpoint Charlie Berlin Krausenstra\\u00dfe 35-36 Berlin, 10117 Germany\\r\\n\\r\\n\\r\\n","country_id":"57","city_id":"73","currency_id":"12","instructor_id":"6","dates":[{"date":"2016-10-10","start_time":"09:00 am","end_time":"05:00 pm"},{"date":"2016-10-11","start_time":"09:00 am","end_time":"05:00 pm"}],"credits":[{"credit_id":"1","no_of_credits":"14"}],"offers":[{"name":"Early Bird Registration","price":"1249.00","start_date":"2016-05-21","end_date":"2016-09-22"}],"status":"1"}', '{"id":"35","uid":"57402e9ca6997","start_date":"2016-10-10","end_date":"2016-10-11","start_time":"09:00:00","end_time":"17:00:00","price":"1499.00","eventbrite_url":"","no_of_days":"2","batch":"1","venue":"Adina Hotel Checkpoint Charlie Berlin Krausenstra\\u00dfe 35-36 Berlin, 10117 Germany\\r\\n\\r\\n\\r\\n","country_id":"57","city_id":"73","currency_id":"31","instructor_id":"6","course_id":"1","status":"1","created":"2016-05-21 17:47:08","modified":"2016-05-21 17:47:08","instructor":"Marco","country":"Germany","city":"Berlin","currency":"USD"}', 1, 1, '2016-05-21 19:17:35', '2016-05-21 19:17:35'),
(209, 'classroom_session_credits', '[{"credit_id":"1","no_of_credits":"14","classroom_session_id":"41"}]', '', 1, 1, '2016-05-21 19:17:39', '2016-05-21 19:17:39'),
(210, 'classroom_sessions', '{"start_date":"2016-12-05","end_date":"2016-12-06","start_time":"09:00","end_time":"17:00","price":"1499.00","eventbrite_url":"","batch":"1","no_of_days":"2","venue":"Adina Hotel Checkpoint Charlie Berlin Krausenstra\\u00dfe 35-36 Berlin, 10117 Germany\\r\\n\\r\\n\\r\\n","country_id":"57","city_id":"73","currency_id":"12","instructor_id":"6","dates":[{"date":"2016-12-05","start_time":"09:00 am","end_time":"05:00 pm"},{"date":"2016-12-06","start_time":"09:00 am","end_time":"05:00 pm"}],"credits":[{"credit_id":"1","no_of_credits":"14"}],"offers":[{"name":"Early Bird Registration","price":"1249.00","start_date":"2016-05-21","end_date":"2016-11-17"}],"status":"1"}', '{"id":"41","uid":"57403adf6bbd4","start_date":"2016-12-05","end_date":"2016-12-06","start_time":"09:00:00","end_time":"17:00:00","price":"1499.00","eventbrite_url":"","no_of_days":"2","batch":"1","venue":"Adina Hotel Checkpoint Charlie Berlin Krausenstra\\u00dfe 35-36 Berlin, 10117 Germany\\r\\n\\r\\n\\r\\n","country_id":"57","city_id":"73","currency_id":"31","instructor_id":"6","course_id":"1","status":"1","created":"2016-05-21 18:39:27","modified":"2016-05-21 18:39:27","instructor":"Marco","country":"Germany","city":"Berlin","currency":"USD"}', 1, 1, '2016-05-21 19:17:39', '2016-05-21 19:17:39'),
(211, 'countries', '{"name":"Slovakia","service_tax":"0.00","slug":"slovakia","currency_id":"12","continent_id":"2","code":"SK","isd":"+421","status":"1"}', '{"id":"201","name":"Slovakia","isd":"+421","service_tax":"0.00","code":"SK","alpha3_code":"SVK","numeric_code":"703","slug":"slovakia","continent_id":"2","currency_id":"31","status":"0","continent":"Europe","currency":"USD"}', 2, 1, '2016-05-21 19:18:35', '2016-05-21 19:18:35'),
(212, 'countries', '{"name":"Portugal","service_tax":"0.00","slug":"portugal","currency_id":"12","continent_id":"2","code":"PT","isd":"+351","status":"0"}', '{"id":"183","name":"Portugal","isd":"+351","service_tax":"0.00","code":"PT","alpha3_code":"PRT","numeric_code":"620","slug":"portugal","continent_id":"2","currency_id":"31","status":"0","continent":"Europe","currency":"USD"}', 2, 1, '2016-05-21 19:18:51', '2016-05-21 19:18:51'),
(213, 'countries', '{"name":"Portugal","service_tax":"0.00","slug":"portugal","currency_id":"12","continent_id":"2","code":"PT","isd":"+351","status":"1"}', '{"id":"183","name":"Portugal","isd":"+351","service_tax":"0.00","code":"PT","alpha3_code":"PRT","numeric_code":"620","slug":"portugal","continent_id":"2","currency_id":"12","status":"0","continent":"Europe","currency":"EUR"}', 2, 1, '2016-05-21 19:19:02', '2016-05-21 19:19:02'),
(214, 'countries', '{"name":"Malta","service_tax":"0.00","slug":"malta","currency_id":"12","continent_id":"2","code":"MT","isd":"+356","status":"1"}', '{"id":"152","name":"Malta","isd":"+356","service_tax":"0.00","code":"MT","alpha3_code":"MLT","numeric_code":"470","slug":"malta","continent_id":"2","currency_id":"31","status":"0","continent":"Europe","currency":"USD"}', 2, 1, '2016-05-21 19:19:24', '2016-05-21 19:19:24'),
(215, 'countries', '{"name":"Bulgaria","service_tax":"0.00","slug":"bulgaria","currency_id":"12","continent_id":"2","code":"BG","isd":"+359","status":"1"}', '{"id":"22","name":"Bulgaria","isd":"+359","service_tax":"0.00","code":"BG","alpha3_code":"BGR","numeric_code":"100","slug":"bulgaria","continent_id":"2","currency_id":"31","status":"0","continent":"Europe","currency":"USD"}', 2, 1, '2016-05-21 19:19:47', '2016-05-21 19:19:47'),
(216, 'countries', '{"name":"Denmark","service_tax":"0.00","slug":"denmark","currency_id":"12","continent_id":"2","code":"DK","isd":"+45","status":"1"}', '{"id":"59","name":"Denmark","isd":"+45","service_tax":"0.00","code":"DK","alpha3_code":"DNK","numeric_code":"208","slug":"denmark","continent_id":"2","currency_id":"31","status":"0","continent":"Europe","currency":"USD"}', 2, 1, '2016-05-21 19:20:14', '2016-05-21 19:20:14'),
(217, 'countries', '{"name":"Sweden","service_tax":"0.00","slug":"sweden","currency_id":"31","continent_id":"2","code":"SE","isd":"+46","status":"1"}', '{"id":"196","name":"Sweden","isd":"+46","service_tax":"0.00","code":"SE","alpha3_code":"SWE","numeric_code":"752","slug":"sweden","continent_id":"2","currency_id":"31","status":"0","continent":"Europe","currency":"USD"}', 2, 1, '2016-05-21 19:20:45', '2016-05-21 19:20:45'),
(218, 'classroom_session_credits', '[{"credit_id":"1","no_of_credits":"14","classroom_session_id":43}]', '', 1, 1, '2016-05-21 19:23:34', '2016-05-21 19:23:34'),
(219, 'classroom_sessions', '{"start_date":"2016-11-12","end_date":"2016-11-13","start_time":"09:00","end_time":"17:00","price":"950.00","eventbrite_url":"","batch":"2","no_of_days":"2","venue":"DoubleTree by Hilton Hotel London - Westminster, 30 John Islip St, London SW1P 4DD, United Kingdom\\r\\n\\r\\n\\r\\n\\r\\n\\r\\n","country_id":"231","city_id":"140","currency_id":"13","instructor_id":"2","status":"1","course_id":"1","uid":"57404536c760d","modified":"2016-05-21 19:23:34","created":"2016-05-21 19:23:34"}', '', 1, 1, '2016-05-21 19:23:34', '2016-05-21 19:23:34'),
(220, 'classroom_session_credits', '[{"credit_id":"1","no_of_credits":"14","classroom_session_id":44}]', '', 1, 1, '2016-05-21 19:26:39', '2016-05-21 19:26:39'),
(221, 'classroom_sessions', '{"start_date":"2016-11-21","end_date":"2016-11-22","start_time":"09:00","end_time":"17:00","price":"950.00","eventbrite_url":"","batch":"1","no_of_days":"2","venue":"WallaceSpaces St Pancras 22 Dukes Road London, WC1H 9PN United Kingdom\\r\\n","country_id":"231","city_id":"140","currency_id":"13","instructor_id":"7","status":"1","course_id":"1","uid":"574045ef01e89","modified":"2016-05-21 19:26:39","created":"2016-05-21 19:26:39"}', '', 1, 1, '2016-05-21 19:26:39', '2016-05-21 19:26:39'),
(222, 'cities', '{"name":"Bratislava","slug":"bratislava","state":"Bratislava","country_id":"201","timezone_id":"252","status":"1"}', '{"id":"115","name":"Bratislava","state":"Bratislava","match_name":"Bratislava","slug":"bratislava","country_id":"201","timezone_id":"0","status":"0","country":"Slovakia"}', 2, 1, '2016-05-21 19:28:20', '2016-05-21 19:28:20'),
(223, 'cities', '{"name":"Lisbon","slug":"lisbon","state":"Lisboa","country_id":"183","timezone_id":"296","status":"0"}', '{"id":"108","name":"Lisbon","state":"Lisboa","match_name":"Lisbon","slug":"lisbon","country_id":"183","timezone_id":"0","status":"0","country":"Portugal"}', 2, 1, '2016-05-21 19:28:36', '2016-05-21 19:28:36'),
(224, 'cities', '{"name":"Sofia","slug":"sofia","state":"Grad Sofiya","country_id":"22","timezone_id":"201","status":"1"}', '{"id":"58","name":"Sofia","state":"Grad Sofiya","match_name":"Sofia","slug":"sofia","country_id":"22","timezone_id":"0","status":"0","country":"Bulgaria"}', 2, 1, '2016-05-21 19:29:00', '2016-05-21 19:29:00'),
(225, 'cities', '{"name":"Sofia","slug":"sofia","state":"Grad Sofiya","country_id":"22","timezone_id":"201","status":"1"}', '{"id":"58","name":"Sofia","state":"Grad Sofiya","match_name":"Sofia","slug":"sofia","country_id":"22","timezone_id":"201","status":"1","country":"Bulgaria"}', 2, 1, '2016-05-21 19:29:07', '2016-05-21 19:29:07'),
(226, 'cities', '{"name":"Copenhagen","slug":"copenhagen","state":"Hovedstaden","country_id":"59","timezone_id":"275","status":"1"}', '{"id":"63","name":"Copenhagen","state":"Hovedstaden","match_name":"Copenhagen","slug":"copenhagen","country_id":"59","timezone_id":"0","status":"0","country":"Denmark"}', 2, 1, '2016-05-21 19:29:27', '2016-05-21 19:29:27'),
(227, 'cities', '{"name":"Stockholm","slug":"stockholm","state":"Stockholms Lan","country_id":"196","timezone_id":"238","status":"1"}', '{"id":"122","name":"Stockholm","state":"Stockholms Lan","match_name":"Stockholm","slug":"stockholm","country_id":"196","timezone_id":"0","status":"0","country":"Sweden"}', 2, 1, '2016-05-21 19:29:43', '2016-05-21 19:29:43'),
(228, 'cities', '{"name":"Mdina","slug":"Mdina","state":"Mdina","country_id":"152","timezone_id":"264","status":"1"}', '', 1, 1, '2016-05-21 19:31:38', '2016-05-21 19:31:38'),
(229, 'classroom_session_credits', '[{"credit_id":"1","no_of_credits":"14","classroom_session_id":45}]', '', 1, 1, '2016-05-21 19:33:15', '2016-05-21 19:33:15'),
(230, 'classroom_sessions', '{"start_date":"2016-06-30","end_date":"2016-07-01","start_time":"09:00","end_time":"17:00","price":"1199.00","eventbrite_url":"","batch":"1","no_of_days":"2","venue":"HOTEL SET, Kalinciakova 29\\/A, 831 03 Bratislava 3\\r\\n","country_id":"201","city_id":"115","currency_id":"12","instructor_id":"6","status":"1","course_id":"1","uid":"5740477b3b5de","modified":"2016-05-21 19:33:15","created":"2016-05-21 19:33:15"}', '', 1, 1, '2016-05-21 19:33:15', '2016-05-21 19:33:15'),
(231, 'cities', '{"name":"Lisbon","slug":"lisbon","state":"Lisboa","country_id":"183","timezone_id":"296","status":"1"}', '{"id":"108","name":"Lisbon","state":"Lisboa","match_name":"Lisbon","slug":"lisbon","country_id":"183","timezone_id":"296","status":"0","country":"Portugal"}', 2, 1, '2016-05-21 19:34:30', '2016-05-21 19:34:30'),
(232, 'classroom_session_credits', '[{"credit_id":"1","no_of_credits":"14","classroom_session_id":"45"}]', '', 1, 1, '2016-05-21 19:35:20', '2016-05-21 19:35:20'),
(233, 'classroom_sessions', '{"start_date":"2016-08-08","end_date":"2016-08-09","start_time":"09:00","end_time":"17:00","price":"1199.00","eventbrite_url":"","batch":"1","no_of_days":"2","venue":"Holiday Inn Lisboa, Av Antonio Jose de Almeida, 28-A, Lisboa\\r\\n\\r\\n","country_id":"183","city_id":"108","currency_id":"12","instructor_id":"8","dates":[{"date":"2016-08-08","start_time":"09:00 am","end_time":"05:00 pm"},{"date":"2016-08-09","start_time":"09:00 am","end_time":"05:00 pm"}],"credits":[{"credit_id":"1","no_of_credits":"14"}],"offers":[{"name":"Early Bird Registration","price":"999.00","start_date":"2016-05-21","end_date":"2016-07-21"}],"status":"1"}', '{"id":"45","uid":"5740477b3b5de","start_date":"2016-06-30","end_date":"2016-07-01","start_time":"09:00:00","end_time":"17:00:00","price":"1199.00","eventbrite_url":"","no_of_days":"2","batch":"1","venue":"HOTEL SET, Kalinciakova 29\\/A, 831 03 Bratislava 3\\r\\n","country_id":"201","city_id":"115","currency_id":"12","instructor_id":"6","course_id":"1","status":"1","created":"2016-05-21 19:33:15","modified":"2016-05-21 19:33:15","instructor":"Marco","country":"Slovakia","city":"Bratislava","currency":"EUR"}', 1, 1, '2016-05-21 19:35:20', '2016-05-21 19:35:20'),
(234, 'classroom_session_credits', '[{"credit_id":"1","no_of_credits":"14","classroom_session_id":"45"}]', '', 1, 1, '2016-05-21 19:36:38', '2016-05-21 19:36:38'),
(235, 'classroom_sessions', '{"start_date":"2016-10-20","end_date":"2016-10-21","start_time":"09:00","end_time":"17:00","price":"1299","eventbrite_url":"","batch":"1","no_of_days":"2","venue":"Palazzo de Piro, 3, Triq is- Sur Mdina\\r\\n\\r\\n","country_id":"152","city_id":"413","currency_id":"12","instructor_id":"8","dates":[{"date":"2016-10-20","start_time":"09:00 am","end_time":"05:00 pm"},{"date":"2016-10-21","start_time":"09:00 am","end_time":"05:00 pm"}],"credits":[{"credit_id":"1","no_of_credits":"14"}],"offers":[{"name":"Early Bird Registration","price":"1049","start_date":"2016-05-21","end_date":"2016-10-05"}],"status":"1"}', '{"id":"45","uid":"5740477b3b5de","start_date":"2016-08-08","end_date":"2016-08-09","start_time":"09:00:00","end_time":"17:00:00","price":"1199.00","eventbrite_url":"","no_of_days":"2","batch":"1","venue":"Holiday Inn Lisboa, Av Antonio Jose de Almeida, 28-A, Lisboa\\r\\n\\r\\n","country_id":"183","city_id":"108","currency_id":"12","instructor_id":"8","course_id":"1","status":"1","created":"2016-05-21 19:33:15","modified":"2016-05-21 19:35:20","instructor":"Zuzana","country":"Portugal","city":"Lisbon","currency":"EUR"}', 1, 1, '2016-05-21 19:36:38', '2016-05-21 19:36:38'),
(236, 'classroom_session_credits', '[{"credit_id":"1","no_of_credits":"14","classroom_session_id":46}]', '', 1, 1, '2016-05-21 19:37:49', '2016-05-21 19:37:49'),
(237, 'classroom_sessions', '{"start_date":"2016-10-27","end_date":"2016-10-28","start_time":"09:00","end_time":"17:00","price":"999","eventbrite_url":"","batch":"1","no_of_days":"2","venue":"Holiday Inn Sofia, 111,Alexandar Malinov Blvd. 1766 Sofia\\r\\n\\r\\n","country_id":"22","city_id":"58","currency_id":"12","instructor_id":"8","status":"1","course_id":"1","uid":"5740488d3064c","modified":"2016-05-21 19:37:49","created":"2016-05-21 19:37:49"}', '', 1, 1, '2016-05-21 19:37:49', '2016-05-21 19:37:49'),
(238, 'countries', '{"name":"India","code":"IN","slug":"india","created_by":"1","status":"1"}', '', 1, 1, '2016-07-23 07:15:52', '2016-07-23 07:15:52'),
(239, 'countries', '{"name":"India","created_by":"1","slug":"india","code":"IN","status":"1"}', '{"id":"1","name":"India","code":"IN","status":"1","slug":"india","created_by":"1","created_at":"2016-07-23 12:45:52","modefied_at":"2016-07-23 12:45:52"}', 2, 1, '2016-07-23 07:24:25', '2016-07-23 07:24:25'),
(240, 'countries', '{"name":"United States of America","code":"US","slug":"united-states-of-merica","created_by":"1","status":"1"}', '', 1, 1, '2016-07-23 07:31:58', '2016-07-23 07:31:58'),
(241, 'countries', '{"name":"United States of America","created_by":"1","slug":"united-states-of-merica","code":"US","status":"1"}', '{"id":"2","name":"United States of America","code":"US","status":"1","slug":"united-states-of-merica","created_by":"1","created_at":"2016-07-23 13:01:58","modefied_at":"2016-07-23 13:01:58"}', 2, 1, '2016-07-23 07:32:23', '2016-07-23 07:32:23'),
(242, 'states', '{"name":"Andhra Pradesh","slug":"andhra-pradesh","code":"AP","country_id":"1","created_by":"1","status":"1"}', '', 1, 1, '2016-07-23 10:20:25', '2016-07-23 10:20:25'),
(243, 'states', '{"name":"Telangana","slug":"telangana","code":"TS","country_id":"1","created_by":"1","status":"1"}', '', 1, 1, '2016-07-23 10:22:08', '2016-07-23 10:22:08'),
(244, 'districts', '{"name":"SPSR Nellore","slug":"nellore","code":"NLR","country_id":"1","created_by":"1","status":"1"}', '', 1, 1, '2016-07-23 13:00:48', '2016-07-23 13:00:48'),
(245, 'districts', '{"name":"Hyderabad","slug":"hyderabad","code":"HYD","country_id":"1","created_by":"1","status":"1"}', '', 1, 1, '2016-07-23 13:02:02', '2016-07-23 13:02:02'),
(246, 'districts', '{"name":"SPSR Nellore","slug":"nellore","code":"NLR","country_id":"1","state_id":"1","created_by":"1","status":"1"}', '', 1, 1, '2016-07-23 13:22:26', '2016-07-23 13:22:26'),
(247, 'districts', '{"name":"Hyderabad","slug":"hyderabad","code":"HYD","country_id":"1","state_id":"2","created_by":"1","status":"1"}', '', 1, 1, '2016-07-23 13:23:34', '2016-07-23 13:23:34'),
(248, 'districts', '{"name":"Hyderabad","slug":"hyderabad","code":"HYD","country_id":"1","state_id":"2","created_by":"1","status":"0"}', '{"id":"2","name":"Hyderabad","code":"HYD","slug":"hyderabad","status":"1","country_id":"1","state_id":"2","created_at":"2016-07-23 18:53:34","created_by":"1","modified_at":"2016-07-23 18:53:34","country":"India"}', 2, 1, '2016-07-23 13:50:19', '2016-07-23 13:50:19'),
(249, 'districts', '{"name":"Hyderabad","slug":"hyderabad","code":"HYD","country_id":"1","state_id":"2","created_by":"1","status":"1"}', '{"id":"2","name":"Hyderabad","code":"HYD","slug":"hyderabad","status":"0","country_id":"1","state_id":"2","created_at":"2016-07-23 18:53:34","created_by":"1","modified_at":"2016-07-23 19:20:18","country":"India"}', 2, 1, '2016-07-23 13:58:28', '2016-07-23 13:58:28'),
(250, 'mandals', '{"name":"Chejerla","slug":"chejerla","code":"CHE","country_id":"1","created_by":"1","status":"1"}', '', 1, 1, '2016-07-23 15:42:14', '2016-07-23 15:42:14'),
(251, 'mandals', '{"name":"Chejerla","slug":"chejerla","code":"CHE","country_id":"1","state_id":"1","district_id":"1","created_by":"1","status":"0"}', '{"id":"1","name":"Chejerla","code":"CHE","slug":"chejerla","status":"1","country_id":"1","state_id":"1","district_id":"1","created_at":"2016-07-23 21:12:14","created_by":"1","modified_at":"2016-07-23 23:09:53","country":"India"}', 2, 1, '2016-07-23 17:45:49', '2016-07-23 17:45:49'),
(252, 'mandals', '{"name":"Chejerla","slug":"chejerla","code":"CHE","country_id":"1","state_id":"1","district_id":"1","created_by":"1","status":"1"}', '{"id":"1","name":"Chejerla","code":"CHE","slug":"chejerla","status":"0","country_id":"1","state_id":"1","district_id":"1","created_at":"2016-07-23 21:12:14","created_by":"1","modified_at":"2016-07-23 23:15:49","country":"India"}', 2, 1, '2016-07-23 17:46:38', '2016-07-23 17:46:38'),
(253, 'zones', '{"name":"Zone A","slug":"zone-a","code":"A","created_by":"1","status":"1"}', '', 1, 1, '2016-07-23 17:54:55', '2016-07-23 17:54:55'),
(254, 'zones', '{"name":"Zone A","slug":"zone-a","code":"A","created_by":"1","status":"0"}', '{"id":"1","name":"Zone A","code":"A","slug":"zone-a","status":"1","country_id":null,"state_id":null,"district_id":null,"mandal_id":null,"created_at":"2016-07-23 23:24:55","created_by":"1","modified_at":"2016-07-23 23:24:55"}', 2, 1, '2016-07-23 18:07:21', '2016-07-23 18:07:21'),
(255, 'zones', '{"name":"Zone A","slug":"zone-a","code":"A","created_by":"1","status":"1"}', '{"id":"1","name":"Zone A","code":"A","slug":"zone-a","status":"0","country_id":null,"state_id":null,"district_id":null,"mandal_id":null,"created_at":"2016-07-23 23:24:55","created_by":"1","modified_at":"2016-07-23 23:37:21"}', 2, 1, '2016-07-23 18:08:02', '2016-07-23 18:08:02'),
(256, 'zones', '{"name":"Zone B","slug":"zone-b","code":"B","created_by":"1","status":"1"}', '', 1, 1, '2016-07-23 18:08:57', '2016-07-23 18:08:57'),
(257, 'countries', '{"name":"India","created_by":"1","slug":"india","code":"IN","status":"1"}', '{"id":"1","name":"India","code":"IN","status":"1","slug":"india","created_by":"1","created_at":"2016-07-23 12:45:52","modefied_at":"2016-07-23 12:45:52"}', 2, 1, '2016-08-05 05:55:57', '2016-08-05 05:55:57'),
(258, 'countries', '{"name":"sdgsd","code":"gsgsd","slug":"fdsfsd","created_by":"1","status":"1"}', '', 1, 1, '2016-08-05 06:14:46', '2016-08-05 06:14:46');

-- --------------------------------------------------------

--
-- Table structure for table `user_profile`
--

DROP TABLE IF EXISTS `user_profile`;
CREATE TABLE IF NOT EXISTS `user_profile` (
  `id` int(11) NOT NULL AUTO_INCREMENT,
  `alternate_email` varchar(100) NOT NULL,
  `organization` varchar(100) NOT NULL,
  `designation` varchar(100) NOT NULL,
  `address` text NOT NULL,
  `country_id` int(11) UNSIGNED NOT NULL,
  `city` int(11) NOT NULL,
  `user_id` int(11) UNSIGNED NOT NULL,
  PRIMARY KEY (`id`)
) ENGINE=InnoDB DEFAULT CHARSET=utf8;

-- --------------------------------------------------------

--
-- Table structure for table `user_temp`
--

DROP TABLE IF EXISTS `user_temp`;
CREATE TABLE IF NOT EXISTS `user_temp` (
  `id` int(11) NOT NULL AUTO_INCREMENT,
  `uid` varchar(255) NOT NULL,
  `first_name` varchar(100) NOT NULL,
  `last_name` varchar(100) NOT NULL,
  `password` varchar(34) NOT NULL,
  `email` varchar(100) NOT NULL,
  `isd` varchar(5) NOT NULL,
  `phone` varchar(15) NOT NULL,
  `activation_key` varchar(50) NOT NULL,
  `last_ip` varchar(40) NOT NULL,
  `created` timestamp NOT NULL DEFAULT CURRENT_TIMESTAMP ON UPDATE CURRENT_TIMESTAMP,
  `modified` datetime NOT NULL,
  PRIMARY KEY (`id`)
) ENGINE=InnoDB DEFAULT CHARSET=utf8;

-- --------------------------------------------------------

--
-- Table structure for table `zones`
--

DROP TABLE IF EXISTS `zones`;
CREATE TABLE IF NOT EXISTS `zones` (
  `id` int(11) UNSIGNED NOT NULL AUTO_INCREMENT,
  `name` varchar(45) NOT NULL,
  `code` varchar(5) NOT NULL,
  `slug` varchar(100) NOT NULL,
  `status` tinyint(1) NOT NULL DEFAULT '1',
  `country_id` int(11) DEFAULT NULL,
  `state_id` int(11) DEFAULT NULL,
  `district_id` int(11) UNSIGNED DEFAULT NULL,
  `mandal_id` int(11) UNSIGNED DEFAULT NULL,
  `created_at` timestamp NOT NULL DEFAULT CURRENT_TIMESTAMP,
  `created_by` int(11) DEFAULT NULL,
  `modified_at` timestamp NOT NULL DEFAULT CURRENT_TIMESTAMP ON UPDATE CURRENT_TIMESTAMP,
  PRIMARY KEY (`id`),
  UNIQUE KEY `name` (`name`),
  UNIQUE KEY `code` (`code`),
  KEY `country_id` (`district_id`)
) ENGINE=InnoDB AUTO_INCREMENT=3 DEFAULT CHARSET=utf8;

--
-- Dumping data for table `zones`
--

INSERT INTO `zones` (`id`, `name`, `code`, `slug`, `status`, `country_id`, `state_id`, `district_id`, `mandal_id`, `created_at`, `created_by`, `modified_at`) VALUES
(1, 'Zone A', 'A', 'zone-a', 1, NULL, NULL, NULL, NULL, '2016-07-23 17:54:55', 1, '2016-07-23 18:08:02'),
(2, 'Zone B', 'B', 'zone-b', 1, NULL, NULL, NULL, NULL, '2016-07-23 18:08:57', 1, '2016-07-23 18:08:57');

/*!40101 SET CHARACTER_SET_CLIENT=@OLD_CHARACTER_SET_CLIENT */;
/*!40101 SET CHARACTER_SET_RESULTS=@OLD_CHARACTER_SET_RESULTS */;
/*!40101 SET COLLATION_CONNECTION=@OLD_COLLATION_CONNECTION */;
